HD no.	work status	province / Italic region	modern country	ancient find spot	modern find spot	find spot (village, street, etc.)	Chronological data	Literature	Transcription	Photos
HD000632	provisional	Belgica	Belgium	Orolaunum	Arlon	Ruelle du Pont-Levis 6-de la Grande-Place, Turm, sekundär verwendet	170 AD – 190 AD	AE 1981, 0655.  AE 1983, 0719.  ILB 111bis; pl. 21.  J. Moreau-Maréchal, BInstArchLux 57, 1981, 55-57. - AE 1981. 1983.  L. Lefebvre, BInstArchLux 57, 1981, 40-53; fig. 11; fig. 10 (Zeichnung). - AE 1983.	D(is) // M(anibus) // Sex(to) Vervicio / Modestino et Verv/iciae Modestinae / parentes fecerun[t]
HD001797	provisional	Germania inferior	Belgium	Tecta	Juslenville	Fanum	51 AD – 200 AD	AE 1984, 0648.  M.-Th. Raepsaet-Charlier - A. Deman, BullSocVervArchHist 63, 1983, 197-202, Nr. 386-389; pl. 27. - AE.	$ Te]ctensium pro [& // $]VERV[& // $] Gor[& // $]cundini fi[l(ius)? &
HD002264	provisional	Belgica	Belgium	Geminiacum	Liberchies	Bons-Villers	201 AD – 300 AD	AE 1985, 0678.  C. Tison, Helinium 23, 1983, 170-174; fig. 1-4 (Fotos u. Zeichnungen). - AE 1985.	Ore/nti
HD005203	provisional	Belgica	Belgium		Han-sur-Lesse	Grote Trou	108 AD	AE 1980, 0647.  M.E. Mariën, Helinium 4, 1964, 52-55; Fotos. - AE 1980.  ILB (2. Aufl.) 138.  M.M. Roxan, RMD 1954-1977 (London 1978) 103. - AE 1980.  RMD p. 612 n. I. A.	$] // honestam missionem / dedimus / Claudius Livianus praef(ectus) / praetori(o) subscripsit / XIIII K(alendas) Febr(uarias) / Gallo et Bradua co(n)s(ulibus) // A(uli) Ampi Epaphroditi / Q(uinti) Apidi Thalli / P(ubli) Atini Trophimi / Q(uinti) Pompei Homeri / M(arci) Iuni Eutychi / P(ubli) Cauli Vitalis / C(ai) Iuli Aprilis
HD005206	provisional	Belgica	Belgium		Raucourt			AE 1980, 0648. (B)  Y. Burnand, Gallia 38, 1980, 420-421; fig. 15 (Zeichnung). - AE. V	Deo Me[rcurio ---] / [&
HD006580	provisional	Belgica	Belgium	Turnacum	Tournai	Rue des Choraux	101 AD – 200 AD	AE 1986, 0491.  ILB 001; Foto.  ILB (2. Aufl.) 001; Foto.	D(is) M(anibus) / C(aio) [Do]mitio C(ai) f(ilio)
HD007779	provisional	Belgica	Belgium	Orolaunum	Arlon		171 AD – 230 AD	AE 1986, 0492.  AE 2002, 1020.  ILB (2. Aufl.) 065; Foto.	[I]n hon[orem domus divinae] / et pagi E[---] / [---] cum sui[s ornamentis? ---] / posuit [---]
HD007782	provisional	Belgica	Belgium	Orolaunum	Arlon	Rue du Pont-Levis	171 AD – 300 AD	AE 1986, 0493.  ILB (2. Aufl.) 070; Foto.	D(is) M(anibus) / Aprilis Ledon(a)e / coniugi eius fili / [---]VI[&
HD007785	provisional	Belgica	Belgium	Orolaunum	Arlon			AE 1986, 0494.  ILB (2. Aufl.) 089; Foto.	Mainusio Mascellioni et / Matutini(a)e Mallus(a)e con(iugi)
HD007788	provisional	Belgica	Belgium	Orolaunum	Arlon			AE 1986, 0495.  ILB (2. Aufl.) 093; Foto.	Pexio Avito de/fu(n)cto Resta co(n)/iiux(!) et sibi vi/va fecit
HD007791	provisional	Belgica	Belgium	Orolaunum	Arlon	Grand Place	101 AD – 300 AD	AE 1986, 0496.  ILB (2. Aufl.) 100; Foto.	D(is) M(anibus) / Sattoni Exo/mni Primius / Prisso nepo/ti fecit
HD007794	provisional	Belgica	Belgium	Orolaunum	Arlon	Rue du Marché-au-Beurre 5	171 AD – 230 AD	AE 1986, 0497.  ILB (2. Aufl.) 102; Foto.	[D(is) M(anibus)] / Secundius Attia/nus et Censorinia Ma/trausus co(n)i(ugi et) fili(o) def(unctis)
HD007797	provisional	Belgica	Belgium	Orolaunum	Arlon	Grand rue 52	171 AD – 300 AD	AE 1986, 0498.  ILB (2. Aufl.) 106; Foto.	D(is) M(anibus) / Tacitio Der/issori filio iuve/ni defuncto et Sa/turnini(a)e Saturni/n(a)e co(n)iiugi(!) defun/[ctae &
HD007800	provisional	Belgica	Belgium		Buzenol	Montauban	171 AD – 300 AD	AE 1986, 0499.  ILB (2. Aufl.) 126; Foto.	D(is) // [Manibus] // Maio Sa[turna]li Lut/ussi(a)e Resill(a)e coniugi de[f]/unc[t]i[s Iuv]enis et Cassi[a]/nus fil(ii) [v]i[v]i fecerunt
HD007803	provisional	Belgica	Belgium		Buzenol	Montauban	171 AD – 230 AD	AE 1986, 0500.  AE 2002, 1022.  ILB (2. Aufl.) 127; Foto.	D(is) [M(anibus)] / Lueiio et L[---] / Elissus et [---] / et Afra filia viv[i fec(erunt)]
HD007806	provisional	Belgica	Belgium		Virton	S.-Mard, Majerou	101 AD – 300 AD	AE 1986, 0501.  ILB (2. Aufl.) 131; Foto.	$?] / Melio Ocosu[ono et O]cosuonio Gna[to] / fil(io) eiu(s) Mato ux[or] / viva [fecit]
HD007809	provisional	Belgica	Belgium		Péronnes			AE 1986, 0502.	[Imp(eratori)] / Caes(ari) T(ito) / [Ae]lio Hadr/iano Ant/onino Aug(usto) / Pio p(atri) p(atriae) a Ba/g(aco) Ner(viorum) m(ilia) p(assuum) XXII
HD007821	provisional	Belgica	Belgium		La Flamengrie			AE 1986, 0508.	D(is) M(anibus) / Masclini / Victorini
HD007824	provisional	Belgica	Belgium		La Flamengrie			AE 1986, 0509.	D(is) M(anibus) / Caupi Virilis / et [S]ilvi(a)e coniugi(s) eius
HD007827	checked with photo	Germania inferior	Belgium	Atuatuca Tungrorum	Tongeren		171 AD – 300 AD	AE 1986, 0511.  ILB 009; Foto.  ILB (2. Aufl.) 009; Foto.	[I]n h(onorem) d(omus) d(ivinae) [---] / [-] OSTIA [---] / [---]VL[&
HD007830	provisional	Germania inferior	Belgium	Atuatuca Tungrorum	Tongeren			AE 1986, 0512.  ILB 010; Foto.  ILB (2. Aufl.) 010; Foto.	[---]ellius Sab[inus] / v(otum) s(olvit) l(ibens) m(erito)
HD007833	provisional	Germania inferior	Belgium		Vliermaal			AE 1986, 0513.	I(ovi) O(ptimo) M(aximo) / sacra / Clement[i]/nus Felix
HD007836	provisional	Germania inferior	Belgium		Liberchies			AE 1986, 0514.	[I(ovi)] O(ptimo) M(aximo) / [--- C]andid/[---]canac/[---]dio Albi/[no ---]iae Albina/[e ---]IIA[---]I/[---]C/[&
HD011244	provisional	Germania inferior	Belgium		Deurne			AE 1974, 0466.	Stablesia VI
HD011461	provisional	Germania inferior	Belgium		Tienen			AE 1971, 0272.	M(arcus) Pro/bius / Bur/rus
HD012515	provisional	Belgica	Belgium		Pommerœul			ILB (2. Aufl.) 156; Foto.	LES // [---]CIO FIRMI
HD012518	provisional	Belgica	Belgium		Pommerœul			AE 1987, 0774b.	T(iti) Iuli Mercatoris / diasmyrn(es?) post imp(etum)
HD014321	provisional	Germania inferior	Belgium		Strée-lez-Huy	S. Nicolas, Kirche, sekundär verwendet	201 AD – 250 AD	AE 1968, 0311.  ILB (2. Aufl.) 051; Foto.  J. Loicq, BullSocArtHistDiocLiège 47, 1967, 1-21; pl. 1 u. 2. - AE 1968.  J.E. Bogaers, in: Festoen. Opgedragen aan A.N. Zadoks-Josephus Jitta bij haar zerentigste verjaardag (Groningen - Bussum 1976) 128; Abb. 4.	[I]n h(onorem) d(omus) d(ivinae) // D(eae) Virathe/thi Supe/rina Sup/ponis / v(otum) s(olvit) l(ibens) m(erito)
HD015907	checked with photo	Belgica	Belgium		Nivelles	Collégiale St-Gertrude	1 AD – 200 AD	AE 1964, 0142.  AE 1956, 0165.  J.-H. Gauze, Le Folklore Brabançon 156, 1962, 357-365; Foto u. Zeichnung. - AE 1964.  ILB (2. Aufl.) 030; Foto.	$ Con]finis f(ilia) m(onumentum) / [v]iva fecit sibi / [et co]n(i)ugi Simil[i] MMAES
HD017300	provisional	Belgica	Belgium	Turnacum	Tournai			AE 1957, 0173.	Accipe vita
HD017314	provisional	Belgica	Belgium		Noville		151 AD – 300 AD	AE 1965, 0028bis.  ILB (2. Aufl.) 063; Foto.	Deo Intarabo / Ategniomarus / Respecti / v(otum) s(olvit) l(ibens) m(erito)
HD017693	provisional	Germania inferior	Belgium		Tienen			AE 1954, 0017.	[Q(uinti)? Tett]i(?) Tricc(i)
HD017696	provisional	Germania inferior	Belgium		Tienen			AE 1954, 0018.	S(---) P(---) S(---) / G(---) A(---) F(---)
HD017754	provisional	Belgica	Belgium		Pommerœul			AE 1990, 0724a.	L(ucius) E(---) S(---)
HD017757	provisional	Belgica	Belgium		Pommerœul			AE 1990, 0724b.	[---]CIO Firmi
HD017829	checked with photo	Belgica	Belgium		Taviers	Terre-aux-Pierres	131 AD – 170 AD	AE 1956, 0008.  AE 1958, 0050.  S. J. De Laet, AC 24, 1955, 454-455. - AE 1956.  J. Mertens, FA 10, 1955, 424, Nr. 5512; fig. 130. - AE 1958.	Deo Apol(lini) / Ianuari/us Durio/nis puteum/ ex iussu restituit / l(ibens) m(erito)
HD018135	provisional	Belgica	Belgium		Pommerœul			AE 1989, 0532.  AE 1987, 0774a.  ILB (2. Aufl.) 154; Foto.	Col(l)yrium diapsori(cum) // Gai Numis(i) Peregri(ni) // Col(l)yrium euodes // Gai Numisi Peregrini
HD018138	provisional	Belgica	Belgium		Pommerœul			AE 1989, 0533.  AE 1987, 0744b.  ILB (2. Aufl.) 154; Foto.	T(iti) Iuli Mercatoris / diasmyrn(es?) pos(t) imp(etum)
HD018141	provisional	Belgica	Belgium		Irchonwelz	Champ de Babylone		AE 1989, 0534.  ILB (2. Aufl.) 157; Foto.	T(iti) Exquesi // T(iti) Ex[qu]e[s]i // Crocodes T(iti) Exques(i) // CRO [---] / TIO(?)[---] / [---]IO[& // CRO[---]
HD018144	provisional	Germania inferior	Belgium	Atuatuca Tungrorum	Liberchies	Bons-Villers	151 AD – 230 AD	AE 1989, 0535.  ILB (2. Aufl.) 160; Foto.	Antoniu[s et] Lupula p[ro] / se et sui[s] / Iaris / v(otum) s(olverunt) l(ibentes) m(erito)
HD018147	provisional	Belgica	Belgium		Wolberg			AE 1989, 0536.	$]is / [---]M
HD018150	provisional	Belgica	Belgium		Autelbas			AE 1989, 0537.  ILB (2. Aufl.) 171; Foto.	CAM(ulo?) // G(---) Curul[---] / [---]nia / [---]inu[s?]
HD019248	checked with photo	Belgica	Belgium		Ocquier	Église St-Remacle		AE 1955, 0088.  J. Mertens, FA 7, 1952, 267, Nr. 3473; fig. 78.	$] quod [---] / [---] Didio Aur[---] / [---]sterius Ca[&
HD020712	provisional	Belgica	Belgium		Sirault			AE 1940, 0002.	[Sa]binus / Popillius
HD021046	checked with photo	Belgica	Belgium		Amberloup	Église St-Martin, sekundär verwendet		AE 1951, 0060.  ILB 061.  CIL 13, 03631.  J. Vannérus, BAB 36, 1950, 488-528; Pl. - AE 1951.  ILB (2. Aufl.) 061; Foto.	Curia / Arduenn[ae]
HD022449	checked with photo	Belgica	Belgium	Orolaunum	Arlon	Vieux-Cimetière	201 AD – 250 AD	AE 1939, 0046.  J. Breuer, BAB 24, 1938, 136-137. - AE 1939.  ILB (2. Aufl.) 64; Foto.	In h(onorem) d(omus) [d(ivinae) deo] / Apoll(ini) v[icani] / Orol(aunenses) [posuer(unt)]
HD022736	checked with drawing	Belgica	Belgium		Flémalle-Grande	Église	188 AD	AE 1897, 0069.  PIR S 243.  PIR S 428.  ILB (2. Aufl.) 043; Zeichnung.	I(ovi) O(ptimo) M(aximo) / Iunoni Minervae Dia/nae Nymphis pro salute / [Imp(eratoris) M(arci) Aur(eli)] Commodi Ant/onini Pii Felicis Aug(usti) / T(itus) Fl(avius) Hospitalis |(centurio) leg(ionis) I / M(inerviae) Fusciano II [et] Silano [co(n)s(ulibus)]
HD024177	provisional	Germania inferior	Belgium		Namur	Schloß	101 AD – 300 AD	ILB (2. Aufl.) 038.  CIL 13, 03625.	[D(is)] M(anibus) / [---]ONL/[---]VS/[--V?]RSV[S?]LIR/[---]RT p(osuit)
HD024214	provisional	Belgica	Belgium		Ravensbosch			AE 1926, 0128.  AE 1926, p. 34 s. n. 136.	M(arco) Vitalini[o ---] / dec(urioni) c(oloniae) U(lpiae) T(raianae) qu[aestori]/cio IIvir(o) q[uinq(uennali)] / Iulius amic[o optimo?]
HD024217	provisional	Belgica	Belgium		Ravensbosch			AE 1926, 0129.  AE 1926, p. 34 s. n. 136.	[T(ito)] Tertinio / aedilicio [---] / c(oloniae) U(lpiae) [T(raianae)] / pagus Catual[ium] / [patro]no
HD024220	provisional	Belgica	Belgium		Ravensbosch			AE 1926, 0130.  AE 1926, p. 34 s. n. 136.	Hono[ri] / T(iti) Terti[ni] / NV[---] / dec(urionis) IIvir[i c(oloniae) U(lpiae) T(raianae)] / Mansue[tus et] / Macrin[us]
HD024223	provisional	Belgica	Belgium		Ravensbosch			AE 1926, 0131.  AE 1926, p. 34 s. n. 136.	Te[rtinio] / dec(urioni) [c(oloniae) U(lpiae) T(raianae) II]/vir[o] / Flor[---] / a[mico? ---]
HD025396	provisional	Germania inferior	Belgium		Deurne, bei			AE 1927, 0153.	Stablesia(norum) VI // Tit(i) Val(l)on(is) Urs(i) libr(a) // |(uncia semiuncia)
HD032106	provisional	Germania inferior	Belgium	Atuatuca Tungrorum	Tongeren			AE 1902, 0173.	Vinco bibentes IIII ame(!) bibe
HD032436	provisional	Belgica	Belgium	Turnacum	Tournai			AE 1901, 0056a.	Avete vos
HD032439	provisional	Belgica	Belgium	Turnacum	Tournai			AE 1901, 0056b.	Da vinum
HD032442	provisional	Belgica	Belgium	Turnacum	Tournai			AE 1901, 0056c.	Vitula
HD032445	provisional	Belgica	Belgium	Turnacum	Tournai			AE 1901, 0056d.	Lucrum fac
HD032505	provisional	Germania inferior	Belgium	Atuatuca Tungrorum	Tongeren		151 AD – 200 AD	AE 1901, 0078. (B)  AE 1901, p. 35 s. n. 125.  AE 1901, p. 56 s. n. 205.  ILB (2. Aufl.) 008; Foto.	[V]olka[no] / [ci]ves Rom[ani] / cent[uria] / [V]alentin[i] / [n(umeri)] Gesatoru[m] / v(otum) s(olverunt) l(ibentes) m(erito)
HD039324	checked with photo	Belgica	Belgium	Orolaunum	Arlon	Rue Paul Reuter	201 AD – 221 AD	ILB (2. Aufl.) 101; Foto.  CIL 13, 04010.	[S]e[c]undinus Seccalus [Sec]/[u]ndinae con(iugi) et Seccaliae [Sec]/[u]ndinae f(iliae) et s(ibi) vivos(!) fe[cit] // D(is) M(anibus)
HD040288	checked with drawing	Belgica	Belgium		Tournai	Grand Place, römische Nekropole	98 AD – 130 AD	ILB (2. Aufl.) 002; Zeichnung.  CIL 13, 03566.	D(is) M(anibus) / monimentum / instituit si/bi vi(v)us Ulp(ius) / Iustus Ar/[---]
HD040289	checked with drawing	Belgica	Belgium		Tournai	La Loucherie		ILB (2. Aufl.) 003.	$] / [---]SE[---]/[---]D [&
HD040296	no image	Belgica	Belgium		Bornem	Vieil-Escaut - Escaut, zwischen	101 AD – 200 AD	ILB (2. Aufl.) 004.  CIL 13, 03586.	I(ovi) O(ptimo) M(aximo) / Imbrius / Verat/tius / v(otum) s(olvit) l(ibens) m(erito)
HD040302	checked with photo	Belgica	Belgium		Hoeilaart	Église St-Clément		ILB (2. Aufl.) 005.  CIL 13, 03585.	Matronis / Cantrustei/hiabus C(aius) Ap/pianius Pat[er]/nus pro se et / suis l(ibens) m(erito)
HD040320	checked with photo	Belgica	Belgium		Blicquy	Ville d'Anderlecht		ILB (2. Aufl.) 005bis; Foto.	$] / [---]II[---]s(olvit?) l(ibens?) m(erito?) / [---]NAP(?)SC(?)[--]T [&
HD040323	checked with photo	Belgica	Belgium		Blicquy	Ville d'Anderlecht, fanum		ILB (2. Aufl.) 005ter; Foto.	$] / [---]IS[---] / [---]P(?)S[---] // [---]VIT[---] // I(?)I(?)
HD040328	no image	Germania inferior	Belgium	Atuatuca Tungrorum	Tongeren			ILB (2. Aufl.) 006.  CIL 13, 03594.  CIL 13, 10024, 299.	d(eo) (H)ercu(li) / res(itutum?)
HD040330	provisional	Germania inferior	Belgium	Atuatuca Tungrorum	Tongeren		101 AD – 200 AD	ILB (2. Aufl.) 007.  CIL 13, 03591.	$] / Fortuna[e] / Aprionius / Iunius v(otum) l(ibens) s(olvit)
HD040336	provisional	Germania inferior	Belgium	Atuatuca Tungrorum	Tongeren			ILB (2. Aufl.) 011; Foto.	$] / [---] sac[---] / [---]getus CV[---] / [---]TVB [&
HD040341	provisional	Germania inferior	Belgium	Atuatuca Tungrorum	Tongeren		101 AD – 200 AD	ILB (2. Aufl.) 012; Foto.  CIL 13, 11307.	[D(is)? M(anibus)? --- An]tiqui / [---] fil(ii) / [&
HD040349	provisional	Germania inferior	Belgium	Atuatuca Tungrorum	Tongeren		97 AD – 200 AD	ILB (2. Aufl.) 013; Foto.  CIL 13, 03596.	D(is) M(anibus) / Nepos Silvini fil(ius) / sibi et Velmadae / Gangussonis fil(iae) / uxori obitae v(ivus) f(ecit)
HD040351	provisional	Germania inferior	Belgium	Atuatuca Tungrorum	Tongeren			ILB (2. Aufl.) 014; Foto.  CIL 13, 11308.	$] / [---]AI[---] / [---]I F / [&
HD040353	provisional	Germania inferior	Belgium	Atuatuca Tungrorum	Tongeren		171 AD – 230 AD	ILB (2. Aufl.) 015.  CIL 13, 11306.	[In h(onorem)] d(omus) d(ivinae) [---] / [---]INIM / [&
HD040354	provisional	Germania inferior	Belgium	Atuatuca Tungrorum	Tongeren			ILB (2. Aufl.) 016; Foto.	$] / [---]IO[---] / [---]TEM[---] / [---] / [---]ONRE[---] / [---]ITEM[---] / [---]ACF(?) [---]
HD040355	provisional	Germania inferior	Belgium	Atuatuca Tungrorum	Tongeren			ILB (2. Aufl.) 017; Foto.	$] / [---]R[---] / [---]CTR[---] / [---]IO ET [&
HD040372	provisional	Germania inferior	Belgium	Atuatuca Tungrorum	Tongeren, bei	Koninksem		ILB (2. Aufl.) 018.	$]LE[&
HD040375	provisional	Germania inferior	Belgium	Atuatuca Tungrorum	Tongeren, bei	S. Martin, Kirche, sekundär verwendet		ILB (2. Aufl.) 019.	$] [---]avit
HD040377	checked with photo	Belgica	Belgium		Stokkem			ILB (2. Aufl.) 020; Foto.	$] / [---]II / [---]EO(?) / [---]R / [---]EF / [&
HD040382	checked with drawing	Belgica	Belgium		Gors-Opleeuw		71 AD – 200 AD	ILB (2. Aufl.) 021; Zeichnung.	C(aius) Gracileius Simili[s] / aedil(is) c(ivitatis) T(ungrorum) sibi fe[c]i[t] / et Quinto libert[o -]I[---] / Audax et Quintu[s ---]
HD040387	no image	Belgica	Belgium		Jesseren			ILB (2. Aufl.) 022.  CIL 13, 03598.	$] / [---]DEST[&
HD040390	checked with photo	Belgica	Belgium		Vliermaal	Zammelen, Kirche		ILB (2. Aufl.) 023; Foto.	I(ovi) O(ptimo) M(aximo) / sacra / Clement[i]/nus Felix
HD040396	checked with drawing	Belgica	Belgium		Jeuk	Église St-Georges		ILB (2. Aufl.) 024; Zeichnung.	Herculi / Probus / Verecun/di fil(ius) / v(otum) s(olvit)
HD040398	checked with drawing	Belgica	Belgium		Jeuk	Église St-Georges		ILB (2. Aufl.) 025; Zeichnung.	Hercu/li Leubas/na Flo/rentin(i) / filia / v(otum) s(olvit) l(ibens) m(erito)
HD040401	checked with drawing	Belgica	Belgium		Jeuk	Église St-Georges		ILB (2. Aufl.) 026; Zeichnung.	Herculi et / Alcmenae / C(aius) Materni/us Primus / v(otum) p(osuit) l(ibens) m(erito)
HD040403	checked with drawing	Belgica	Belgium		Jeuk			ILB (2. Aufl.) 027.	Hercul(i) / Vaduna / Car(---) fi/lia v(otum) s(olvit)
HD040404	checked with drawing	Belgica	Belgium		Jeuk			ILB (2. Aufl.) 028; Zeichnung.	$] / [---]LRCGK[---] / [---]v(i)vae s(ibi?) / [---] testam[---]
HD040405	checked with photo	Belgica	Belgium		Sint-Huibrechts-Hern		201 AD – 300 AD	ILB (2. Aufl.) 029; Foto.  CIL 13, 03592.  ILS 4755.	Vihansae / Q(uintus) Catius Libo Nepos /centurio leg(ionis) III / Cyrenaicae scu/tum et lanceam d(ono) d(edit)
HD040406	checked with photo	Belgica	Belgium		Liberchies	Brunehaut, castellum, sekundär verwendet	151 AD – 300 AD	ILB (2. Aufl.) 031; Foto.	[I(ovi)] O(ptimo) M(aximo) / [--- C]andid/[---] CANAC/[---]dio Albi/[no ---]iae Albina/[e ---]IIA[---]I/[---]C/ [&
HD040407	provisional	Germania inferior	Belgium		Namur	Schloß	71 AD – 250 AD	ILB (2. Aufl.) 033; Foto.  CIL 13, 03620.	D(is) M(anibus) / Acceptus Victoris sibi et / Ammai suae co(n)iug(i) et Victo/rio Victorino b(ene)f(iciario) co(n)s(ularis) / fratri posui/t
HD040408	checked with photo	Germania inferior	Belgium		Namur	Schloß	71 AD – 200 AD	ILB (2. Aufl.) 034; Foto.  CIL 13, 03621.	D(is) M(anibus) / Cassius Pompeianus / sibi et Mattae uxsori / (et) Tito filio / v(ivus) f(ecit)
HD040409	provisional	Germania inferior	Belgium		Namur	Schloß	71 AD – 300 AD	ILB (2. Aufl.) 035; Foto.  CIL 13, 03622.	D(is) [M(anibus)] / Haldacco [Ru?]/sonis fil(ius) sib(i) et / Lubaini ux(ori) / (et) Victori et Pru/denti filis [v(ivus) f(ecit)?]
HD040412	provisional	Germania inferior	Belgium		Namur	Schloß	71 AD – 300 AD	ILB (2. Aufl.) 036; Foto.  CIL 13, 03623.	D(is) [M(anibus)] / Sabinus C[&
HD040414	provisional	Germania inferior	Belgium		Namur	Schloß	101 AD – 200 AD	ILB (2. Aufl.) 037.  CIL 13, 03624.	D(is) M(anibus) / Securinio Ammi/o patri (et) Ulp(iae) Van/aeniae matri et / Securiniae Ammi/ae v(ivit) f(ecerunt) / Madicuae delicata
HD040415	provisional	Germania inferior	Belgium		Namur	Citadelle		ILB (2. Aufl.) 038bis; Foto.	$]N[---] / [---]QF[---] / [---]HIE[---] / [---]OLI[&
HD040416	checked with photo	Belgica	Belgium		Namêche		71 AD – 300 AD	ILB (2. Aufl.) 039; Zeichnung.  CIL 13, 03618.	D(is) M(anibus) / Ninnius / Drausonis / vivus sibi / m(onumentum) f(ecit)
HD040417	checked with photo	Belgica	Belgium		Andenne	Église St-Sauveur		ILB (2. Aufl.) 040.	$]CAL[---] / [---]AN[---] / [---]VOS[&
HD040418	checked with photo	Belgica	Belgium		Herstal			ILB (2. Aufl.) 041.  CIL 13, 11310.	$] [h(eres) ex] t(estamento) f(aciundum) c(uravit)
HD040419	provisional	Belgica	Belgium		Liège	Jupille-sur-meuse		ILB (2. Aufl.) 042; Zeichnung.  CIL 13, 03608.	$]LI/[---]NI/[---]R/[---]C/ [&
HD040420	provisional	Belgica	Belgium		Liège	Jupille-sur-meuse		ILB (2. Aufl.) 042bis.	$]L[&
HD040421	checked with drawing	Belgica	Belgium		Vaux-sous-Chèvremont			ILB (2. Aufl.) 044; Zeichnung.  CIL 13, 03607.	Mercuri(o) / Ingenus / Tanehi fi/[lius] v(otum) s(olvit) l(ibens) m(erito)
HD040422	checked with drawing	Germania inferior	Belgium		Theux		201 AD – 250 AD	ILB (2. Aufl.) 045; Zeichnung.  CIL 13, 03613.	In h(onorem) d(omus) d(ivinae) / D(eo) I(nvicto) M(ithrae) Ax[ius?] / Verus [et] / Q(uintus) Veti[us] / et Probinus / Veri v(otum) s(olverunt) l(ibentes) m(erito)
HD040423	checked with drawing	Germania inferior	Belgium		Theux			ILB (2. Aufl.) 046; Zeichnung.  CIL 13, 03614.	D(eo) I(nvicto) M(ithrae) App(---) / Freio et Friatto / v(otum) s(olverunt) l(ibentes) m(erito)
HD040424	checked with photo	Germania inferior	Belgium		Theux		239 AD – 241 AD	ILB (2. Aufl.) 046bis; Foto.	[In h(onorem) d(omus) d(ivinae) Deo? et genio vicanorum Te]ctensium pro [salute Imp(eratoris) d(omini) n(ostri) M(arci) Ant(onii)] Gor[diani Aug(usti) Se?]veru[s? Se?]cundini fi[l(ius) d(ono)? d(edit)?]
HD040425	checked with photo	Germania inferior	Belgium		Theux	Juslenville	71 AD – 300 AD	ILB (2. Aufl.) 047; Foto.  CIL 13, 03610.	D(is) M(anibus) / Primus / Marci / [&
HD040426	checked with photo	Germania inferior	Belgium		Theux	Juslenville	71 AD – 300 AD	ILB (2. Aufl.) 048; Foto.  CIL 13, 03611.	D(is) M(anibus) / Supero / [&
HD040427	checked with photo	Germania inferior	Belgium		Theux	Juslenville	71 AD – 300 AD	ILB (2. Aufl.) 04;, Foto.  CIL 13, 03612.	D(is) M(anibus) / Vervecco / [---]IVM[---]/[---]AM[---]/AI[&
HD040428	checked with photo	Germania inferior	Belgium		Theux	Juslenville		ILB (2. Aufl.) 050; Foto.  CIL 13, 03609.	Acc[---] / Acc[--- f(ilius)?] / f(ieri) i(ussit)
HD040429	checked with photo	Belgica	Belgium		Clavier	Vervoz		ILB (2. Aufl.) 053; Foto.  CIL 13, 03619.	I // ON(?)
HD040430	no image	Belgica	Belgium		Ciney	Ferme de Saint-Quentin		ILB (2. Aufl.) 054.  CIL 13, 03629.	I(ovi) O(ptimo) M(aximo)
HD040431	checked with photo	Belgica	Belgium		Verlée	Ferme Demoulin		ILB (2. Aufl.) 055; Foto.	$]E(?)[---]/[---]MTVSIVN[---]/[---] curant[---]
HD040432	no image	Belgica	Belgium		Barvaux-Condroz			ILB (2. Aufl.) 056.  CIL 13, 03627.  CIL 13, 03626.	AV[--]VERV / T[-]NIOFIE / I[-]ITVSAV // VASAENF / LOCAND[--]DI / VIFICONSVMMAV
HD040547	checked with drawing	Belgica	Belgium		Grandhan		71 AD – 300 AD	CIL 13, 03630.  ILB (2. Aufl.) 058; Zeichnung.	D(is) M(anibus) / Lol(liae) Aciliae / Compsae HERS/[&
HD040548	checked with photo	Belgica	Belgium		Celles	Église St-Hadelin		ILB (2. Aufl.) 059; Foto.  CIL 13, 03628.	Ex voto / Neutto / Tagausi / v(otum) s(olvit) l(ibens) m(erito)
HD040549	checked with photo	Belgica	Belgium		Noville	Croix-Sainte-Barbe	138 AD – 200 AD	ILB (2. Aufl.) 062; Foto.  CIL 13, 03632.  ILS 4564.	Deo Entarabo et Genio / |(curiae) Ollodag(i) porticum quam / Velugnius Ingenuus promi/serat post obitum eius / Sollavius Victor fil(ius) adoptivos / fecit
HD040550	checked with photo	Belgica	Belgium	Orolaunum	Arlon	Vieux-Cimetière, römische Thermen	101 AD – 300 AD	ILB (2. Aufl.) 066; Foto.  CIL 13, 11342.	$]cuncta / sunt d[ign]a vict[ore deo virtute peracta] / excipim[u]r ther[mis pelluntur corpore sordes] / nec satis es[t sordes datur his et peller]e fat[a]
HD040551	checked with photo	Belgica	Belgium	Orolaunum	Arlon	Grand-rue Nr. 70	101 AD – 300 AD	ILB (2. Aufl.) 067; Foto.  CIL 13, 03980.  ILS 4550.	$] / Marti / Camulo / [-] Lellius / v(otum) s(olvit) l(ibens) m(erito)
HD040552	no image	Belgica	Belgium	Orolaunum	Arlon			ILB (2. Aufl.) 068.  CIL 13, 03982.	$] v(otum) s(olvit) l(ibens) m(erito)
HD040553	checked with photo	Belgica	Belgium	Orolaunum	Arlon	Hôtel de Ville	171 AD – 200 AD	ILB (2. Aufl.) 069; Foto.  CIL 13, 03984.	D(is) M(anibus) / Andec[ar]i No/cturni et Mic/cioni(a)e Cuigill(a)e Censorinius / Andecarus fi/[li]o et coiiugi f(ecit)
HD040554	checked with drawing	Belgica	Belgium	Orolaunum	Arlon		151 AD – 250 AD	ILB (2. Aufl.) 071; Zeichnung.  CIL 13, 03985.	D(is) M(anibus) / Atilliae / Abbae / [&
HD040555	checked with drawing	Belgica	Belgium	Orolaunum	Arlon		151 AD – 300 AD	ILB (2. Aufl.) 072; Zeichnung.  CIL 13, 03986.	[D(is) M(anibus)] / [illius defuncti] / Attilius Regulus / patronus idemque heres / [vivus fecit] // D(is) M(anibus) / pat(roni) / s(ui) f(aciendum) c(uravit)
HD040556	checked with drawing	Belgica	Belgium	Orolaunum	Arlon		101 AD – 200 AD	ILB (2. Aufl.) 073; Zeichnung.  CIL 13, 03987.	D(is) M(anibus) / Cn(aeo) Avio / Bovo d(efuncto) / Sextina C(ai) f(ilia) f(ecit)
HD040557	checked with drawing	Belgica	Belgium	Orolaunum	Arlon		101 AD – 300 AD	ILB (2. Aufl.) 074; Zeichnung.  CIL 13, 03988.	D(is) M(anibus) / Boutius Al/ctus sibi et Cop/po fratri vi(v)us f(ecit)
HD040558	checked with drawing	Belgica	Belgium	Orolaunum	Arlon		101 AD – 300 AD	ILB (2. Aufl.) 075.  CIL 13, 03989.	[D(is)] M(anibus) / [---]ri Capito/[nis] Lucanus / [---] fecit
HD040559	provisional	Belgica	Belgium	Orolaunum	Arlon		151 AD – 250 AD	CIL 13, 03990.  ILB 076.	D(is) M(anibus) / Cattonius Se/cundinus et Sap/pula ux(or) IDIEIRE(?) / faciu(n)dum [&
HD040560	checked with drawing	Belgica	Belgium				151 AD – 250 AD	ILB (2. Aufl.) 077; Zeichnung.  CIL 13, 03991.	D(is) M(anibus) / Cidionius Amr/etoutus s(ibi) v(ivus) f(ecit)
HD040568	checked with photo	Belgica	Belgium	Orolaunum	Arlon	Cloître des Capucins	101 AD – 300 AD	ILB (2. Aufl.) 078; Foto.  CIL 13, 11343.	D(is) M(anibus) / Cornelio / Maturo / CV[---]ER[&
HD040570	checked with photo	Belgica	Belgium	Orolaunum	Arlon		101 AD – 300 AD	ILB (2. Aufl.) 079; Zeichnung.  CIL 13, 03992.	D(is) M(anibus) / Corobil/lio Pautoni / et Pruscia Motto / coniugibus Mottus
HD040573	checked with drawing	Belgica	Belgium	Orolaunum	Arlon		101 AD – 300 AD	ILB (2. Aufl.) 080; Zeichnung.  CIL 13, 03993.	D(is) M(anibus) / Danni / Sextina / Desiderata / filia fac(iendum) [cur(avit)]
HD040575	checked with drawing	Belgica	Belgium	Orolaunum	Arlon		171 AD – 300 AD	ILB (2. Aufl.) 081; Zeichnung.  CIL 13, 03994.	D(is) M(anibus) / Donil/l(a)e coniu/gi Cosuoni/[us] Acceptus
HD040592	checked with photo	Belgica	Belgium	Orolaunum	Arlon		151 AD – 250 AD	ILB (2. Aufl.) 082; Foto.  CIL 13, 03995.	D(is) M(anibus) / Gimmius Ma/nduissa sibi / et Ammossa v(ivus) f(ecit)
HD040594	checked with drawing	Belgica	Belgium	Orolaunum	Arlon		151 AD – 250 AD	ILB (2. Aufl.) 083; pl. 43 (Zeichnung).  CIL 13, 03996. (B)	D(is) M(anibus) / Ibliomar/iae Sacr(a)e d/efunct(a)e Giam/illia Giamilla / filia viva fecit
HD040599	checked with photo	Belgica	Belgium	Orolaunum	Arlon	Grand-rue Nr. 70	235 AD – 300 AD	ILB (2. Aufl.) 084; Foto.  CIL 13, 03983.	D(is) M(anibus) / Gai Iuli Maxi/mini emeriti le/gionis VIII b(e)nefi/ciarius procurato/ris (h)onesta missio/ne missus ista me/moriam procura/vit Similinia Pate/rna coniux co/niugi k(a)rissimo / Max(i)minus ic q/uiesquit ave via/tor vale viator
HD040602	checked with drawing	Belgica	Belgium	Orolaunum	Arlon		101 AD – 300 AD	ILB (2. Aufl.) 085; Zeichnung.  CIL 13, 03997.	D(is) M(anibus) Iuniu/s Iustinus / Maternus / vi(v)us fecit
HD040606	checked with drawing	Belgica	Belgium	Orolaunum	Arlon	Grand-rue Nr. 51	151 AD – 250 AD	ILB (2. Aufl.) 086; Zeichnung.  CIL 13, 04003.	D(is) M(anibus) / mo(numentum) Iuni Pessiaci / et I(ulio?) Mavillo / [&
HD040631	checked with drawing	Belgica	Belgium	Orolaunum	Arlon			ILB (2. Aufl.) 087; Zeichnung.  CIL 13, 03998.	$] Lallus [---]/[---] IVN[---]
HD040632	checked with drawing	Belgica	Belgium		Arlon			ILB (2. Aufl.) 088; Zeichnung.  CIL 13, 03999.	$] Lucaniae / Adiatumar(ae) [&
HD040634	checked with photo	Belgica	Belgium	Orolaunum	Arlon		171 AD – 300 AD	ILB (2. Aufl.) 090; Foto.  CIL 13, 04000.	D(is) M(anibus) / Marcelliniae / Afr(a)e coniugi de/funct(a)e Grati/nius Acceptus / et sibi vivos(!)fecit
HD040635	checked with photo	Belgica	Belgium	Orolaunum	Arlon		171 AD – 300 AD	ILB (2. Aufl.) 091; Foto.  CIL 13, 04001.	D(is) M(anibus) / Messi(a)e Donat(a)e / matri Iustus / filius v(ivus) f(aciendum) c(uravit)
HD040636	checked with drawing	Belgica	Belgium	Orolaunum	Arlon			ILB (2. Aufl.) 092; Zeichnung.  CIL 13, 04002	Moxsio / Drappo Attli(us) / Lallianus / [&?
HD040637	checked with drawing	Belgica	Belgium	Orolaunum	Arlon	Rue du St-Esprit 12	101 AD – 300 AD	ILB (2. Aufl.) 094; Zeichnung.  CIL 13, 04004.	D(is) M(anibus) / Primanio Aprili / et Primanio Satur/nino Primanius / Saturninus v(ivus) / sibi et suis v(ivis) f(ecit)
HD040641	checked with photo	Belgica	Belgium	Orolaunum	Arlon		151 AD – 250 AD	ILB (2. Aufl.) 095; Foto.  CIL 13, 04005.	D(is) M(anibus) / Primanio Pr/imtivo defu(nc)to / et Mato coniug(i) / fili f(aciendum) c(uraverunt)
HD040646	checked with drawing	Belgica	Belgium	Orolaunum	Arlon	Rue de la Caserne	171 AD – 300 AD	ILB (2. Aufl.) 096; Zeichnung.  CIL 13, 04007.	D(is) M(anibus) / Primi / Prissonis / et Prusciae / Maianae ux/ori viva Vidu/cus filius fecit / et Simili(a)e Sati(a)e / (et) Bimottia Nequigo
HD040650	checked with photo	Belgica	Belgium	Orolaunum	Arlon		151 AD – 250 AD	ILB (2. Aufl.) 097; Foto.  CIL 13, 04006.	D(is) M(anibus) / Primulio / Pardo d(e)f(uncto) / et suis her/ens f(aciendum) c(uravit)
HD040653	checked with photo	Belgica	Belgium	Orolaunum	Arlon		171 AD – 300 AD	ILB (2. Aufl.) 098; Foto.  CIL 13, 04008.	D(is) M(anibus) / Prusciae Lo/suarc(a)e Iolsi/us Secundi/nus uxori et si/bi vivos(!) fecit
HD040655	checked with photo	Belgica	Belgium	Orolaunum	Arlon		151 AD – 250 AD	ILB (2. Aufl.) 099; Foto.  CIL 13, 04009.	D(is) M(anibus) / Prusci / Magionis / et Tertiniai / Cossul(a)e coiiu/gi(!) viv(a)e Acau/nissa fil(ius?) fecit
HD040701	checked with drawing	Belgica	Belgium		Arlon		101 AD – 300 AD	ILB (2. Aufl.) 103; Zeichnung.  CIL 13, 04011.	D(is) M(anibus) / Severiae Mar/tiae Tonnia Gab/ra filia sua d(e) s(uo) f(ecit)
HD040702	checked with photo	Belgica	Belgium	Orolaunum	Arlon	Grand-rue Nr. 49	101 AD – 300 AD	ILB (2. Aufl.) 104; Foto.  CIL 13, 04012.	D(is) M(anibus) / Soiianus f(ecit) / Sollemni filio / et patri Soiio / et Primia Tauso matri
HD040703	checked with drawing	Belgica	Belgium	Orolaunum	Arlon		101 AD – 300 AD	ILB (2. Aufl.) 105; Zeichnung.  CIL 13, 04013.	D(is) M(anibus) / Solli/o Viconis / et Similia / [&
HD040704	checked with drawing	Belgica	Belgium	Orolaunum	Arlon		101 AD – 300 AD	ILB (2. Aufl.) 107; Zeichnung.  CIL 13, 04014.	D(is) M(anibus) / Telion/no Caulni / [&
HD040705	checked with photo	Belgica	Belgium	Orolaunum	Arlon	Rue Paul Reuter	151 AD – 250 AD	ILB (2. Aufl.) 108; Foto.  CIL 13, 04015.	D(is) M(anibus) / Terti Primilla / [---?] patr(i) fec(i)t
HD040706	checked with drawing	Belgica	Belgium	Orolaunum	Arlon		151 AD – 250 AD	ILB (2. Aufl.) 109; Zeichnung.  CIL 13, 04016.	D(is) M(anibus) / Tornioneius / Imunnis et co(n)iu/gi Iulinia Popillus / [&
HD040707	checked with drawing	Belgica	Belgium	Orolaunum	Arlon			ILB (2. Aufl.) 110; Zeichnung.  CIL 13, 04018.	$]/cenia eius Vere/cundus Sistii et / [&
HD040708	no image	Belgica	Belgium	Orolaunum	Arlon	Rue de la Caserne		ILB (2. Aufl.) 111; Zeichnung.  CIL 13, 04017.	$] / [--- V]erec[und]o filio et Vere[cun]/diae Verecund[ae &
HD040709	checked with photo	Belgica	Belgium	Orolaunum	Arlon	Grand-rue Nr. 70	101 AD – 300 AD	ILB (2. Aufl.) 112; Foto.  CIL 13, 04019.	[D(is)? M(anibus)?] / [Vimp]ur/onio Vim/puroni mari/to defuncto / [&
HD040710	checked with drawing	Belgica	Belgium	Orolaunum	Arlon			ILB (2. Aufl.) 113; Zeichnung.  CIL 13, 4024.	$] Viena(?) coniugi / [---]ius p(osuit)
HD040711	checked with drawing	Belgica	Belgium	Orolaunum	Arlon			ILB (2. Aufl.) 114; Zeichnung.  CIL 13, 04020.	$]AE ETA[---]/[---] fil(---) eor(um) et CE[---]/[---P?]aternae IF[&
HD040712	checked with photo	Belgica	Belgium	Orolaunum	Arlon	Presbytère de Saint-Donat		ILB (2. Aufl.) 115; Foto.  CIL 13, 04021.	$ ex? testamento? monument]um sibi poni / [iussit ex]s |(sestertium nummum) IIII(quattuor milibus)
HD040713	checked with drawing	Belgica	Belgium	Orolaunum	Arlon		101 AD – 300 AD	ILB (2. Aufl.) 117; Zeichnung.  CIL 13, 04026.	D(is) [M(anibus)] / [&
HD040714	checked with photo	Belgica	Belgium	Orolaunum	Arlon		171 AD – 200 AD	ILB (2. Aufl.) 118; Foto.  CIL 13, 04025.	D(is) M(anibus) / [&
HD040715	checked with photo	Belgica	Belgium	Orolaunum	Arlon	Grand-rue Nr. 70	171 AD – 230 AD	ILB (2. Aufl.) 119; Foto.  CIL 13, 04027.	[D(is)] M(anibus) / [&
HD040716	checked with photo	Belgica	Belgium		Arlon			ILB (2. Aufl.) 120; Foto.	$]VMIA[---]/[---]IA[&
HD040717	checked with drawing	Belgica	Belgium		Arlon			ILB (2. Aufl.) 122; Zeichnung.  CIL 13, 04022.	$]CIVI[---]/[---]RAN[&
HD040718	checked with photo	Belgica	Belgium		Arlon	Église St-Laurent de Schockville, sekundär verwendet	101 AD – 300 AD	ILB (2. Aufl.) 123; Foto.  CIL 13, 04028.	[D(is)] M(anibus) [---]ndio Senili / [---] Optato filio / [---] her(es?) sibi v(ivus) [f(ecit)]
HD040719	no image	Belgica	Belgium		Hondelange	Engelstat	101 AD – 300 AD	ILB (2. Aufl.) 124.  CIL 13, 04029.	[D(is) M(anibus)] / Secundo et / Martia[---]/ [heres fier]i i[ussit]
HD040720	checked with photo	Belgica	Belgium		Gérouville	Vieux-Château	138 AD – 300 AD	ILB (2. Aufl.) 124bis; Foto.  CIL 13, 03968.  ILS 4688.	Deo Silvano Sinqu(ati) / Paternius pro sa/lute Emeriti fili / sui vo(tum) s(olvit) l(ibens) m(erito)
HD040721	checked with photo	Belgica	Belgium		Gérouville	Vieux-Château	138 AD – 300 AD	ILB (2. Aufl.) 125; Foto.  CIL 13, 03969.	Deo Sinquato / L(ucius) Honorat/ius Aunus / v(otum) s(olvit) l(ibens) m(erito)
HD040722	provisional	Belgica	Belgium		Virton	S.-Mard, Majerou		ILB (2. Aufl.) 128.  CIL 13, 03970.	Leno Marti / Exsobin(ii) Novic(ius) / et Expectatus / v(otum) s(olverunt) l(ibentes) m(erito)
HD040723	checked with photo	Belgica	Belgium		Virton	S.-Mard	201 AD – 250 AD	ILB (2. Aufl.) 129; Foto.  CIL 13, 03971.	[I]n h(onorem) [d(omus)? d(ivinae)?] / [D(eo)] Mart[i ---] / [---]CAT[---] / [&
HD040724	no image	Belgica	Belgium		Virton	S.-Mard		ILB (2. Aufl.) 130.  CIL 13, 03973.	Ciisius / Cinianus / CIENDVM
HD040725	no image	Belgica	Belgium		Virton	S.-Mard	101 AD – 300 AD	ILB (2. Aufl.) 132.  CIL 13, 03974.	D(is) M(anibus) / s(acrum?) Satto / [&?
HD040726	no image	Belgica	Belgium		Virton	S.-Mard		ILB (2. Aufl.) 133.  CIL 13, 03976.	ITIO V / SATTO / F CO / F N
HD040727	no image	Belgica	Belgium		Virton	S.-Mard	101 AD – 300 AD	ILB (2. Aufl.) 134.  CIL 13, 03795.	D(is) M(anibus) [&
HD040728	checked with photo	Belgica	Belgium		Virton	S.-Mard, S. Martin, Kirche, sekundär verwendet		ILB (2. Aufl.) 134bis; Foto.	$]IIO[---]/[---]OI(?)HNI[---]/[---]IVITRV[---]/[---]M[---]/[-- -]C LL(?)[---]/[---]VSDEF[---]
HD040729	provisional	Germania inferior	Belgium	Atuatuca Tungrorum	Tongeren	Porte de Saint-Trond	201 AD – 230 AD	ILB (2. Aufl.) 135; Foto.  CIL 13, 09158.  ILS 5839.	$] / [Bonna] l(eugae) XI / [Rigo]magus l(eugae) VIIII / [Antu]nnacum l(eugae) VIII / [Conf]luentes l(eugae) VIII / [Bo]udobriga l(eugae) VIII / [Vo]solvia l(eugae) VIII / [B]ingium l(eugae) VIII / [Mo]gontiac(um) l(eugae) XII / [Bu]conica l(eugae) VIIII / [Borb]etomag(us) l(eugae) XI /[& // $] / [---] l(eugae) XV / [Nov]iomag(us) l(eugae) XV / Durocorter(um) l(eugae) XII / ad fines l(eugae) XII / Aug(usta) Suessionum / l(eugae) XII / Isara l(eugae) XVI / Roudium l(eugae) VIIII / Seeviae l(eugae) VIII / Samarabriva / l(eugae) [---] / [& // item / a Cas/tello / Fines Atrebatiu[m] / l(eugae) XIIII / Nemetac(um) l(eugae) [---] / item a Ba[gaco ---] / [&
HD040730	checked with photo	Belgica	Belgium		Buzenol	Montauban	44 AD – 45 AD	ILB (2. Aufl.) 136bis; Foto.	[Ti(berius) Cl]a[udi]us / Caes[ar] Aug(ustus) Ger(manicus) / pon[t(ifex) ma]x(imus) trib(unicia) / p[ot(estate)] III[I i]mp(erator) VIII / c[o(n)s(ul)] de[s]ig(natus) I[I]II p(ater) p(atriae) / ab Aug(usta) m(ilia) p(assum) / LIIII
HD040731	checked with photo	Belgica	Belgium		Flémalle	Meuse	98 AD	ILB (2. Aufl.) 137; Foto.  CIL 13, 1, 2, 03606.	[Imp(erator) Caesar divi Ne]rvae f(ilius) Nerva Traianus / [Augustus German]icus pontifex maximus / [tribunic(ia)] potestat(e) co(n)s(ul) II / [equitibus et peditib]us qui militant in alis / [tribus et cohortib]us sex quae appellantur / [Gallorum Petria]na c(ivium) R(omanorum) et I Tungrorum / [et I Hispanorum Ast]urum et I Hispanorum / [et I Celtiberorum? et I] fida Vardullorum c(ivium) R(omanorum) / [et I Lingonum? et] II Lingonum et II Nervio/[rum et sunt] in Britannia sub T(ito) Avidio / [Quieto item] dimissis honesta missione a / [P(ublio) Metilio] Nepote qui quina et vicena plura/[ve sti]pendia meruerunt quorum nomi/[na] subscripta sunt ipsis liberis posteris/que eorum c[ivitate]m dedit et conubium / cum ux[oribus qua]s tunc habuissent cum / [est civitas iis data] aut ai qui / [caelibes e]ssent cum iis quas postea duxissent dumtaxat sin/guli singulas [&
HD040732	checked with photo	Belgica	Belgium		Liberchies	Les Bons-Villers	1 AD – 260 AD	ILB (2. Aufl.) 139; Foto.	Apol(lini) et Mer[c(urio)]
HD040733	provisional	Germania inferior	Belgium	Atuatuca Tungrorum	Tongeren			ILB (2. Aufl.) 139bis; Foto.	He(rculi) M(agusano)
HD040734	checked with photo	Belgica	Belgium		Matagne-la-Petite	Römisches Heiligtum		ILB (2. Aufl.) 139ter; Foto.	Iovi Optimo Maximo
HD040735	checked with photo	Belgica	Belgium	Orolaunum	Arlon	Vieux-Cimetière	138 AD – 300 AD	ILB (2. Aufl.) 140; Foto.  CIL 13, 03981.  CIL 13, 10016, 01.	Deo Mercu[rio]
HD040736	provisional	Belgica	Belgium		Elewijt			AE 1968, 0310.  ILB (2. Aufl.) 141.	L(uci) L(---) Antae(i) // L(uci) Antaei Parci di/aglaucaeum(!) [---] // L(uci) Ant(a)ei Geminiani(?) / ambrosium ad cali/gines oculorum
HD040737	provisional	Belgica	Belgium		Velzeke-Ruddershove			ILB (2. Aufl.) 141bis; Foto.	G(ai) V(---) Matti // co(llyrium)
HD040738	checked with photo	Belgica	Belgium		Houtain-l'Evêque			ILB (2. Aufl.) 142; Foto.  CIL 13, 10021, 180.	Titi crocodes ad as/pritudinem et sycosis // titi crocod(es) / ad aspr(itudinem) et syco(sis) // titi basilium ad cla/ritatem opobalsam(atum) // titi basilium ad / clarit(atem) opob(alsamatum)
HD040739	no image	Belgica	Belgium		Fontaine-Valmont	Les Castellains		ILB (2. Aufl.) 143.  CIL 13, 10021, 61.	Eutychetis dialepidos / ad asprit(udinem) et cicatrices // [--- d]iamis[yos ---]
HD040740	checked with photo	Belgica	Belgium		Amay			ILB (2. Aufl.) 143bis; Foto.	Fatalis diacho/les ad aspritudi(nem) // Fatalis Diony(sium) / ad lacunas // [---]anu[---]/[--- cro]code[s ---]
HD040753	checked with photo	Belgica	Belgium		Rumst			ILB (2. Aufl.) 144; Foto.  CIL 13, 6, 12567.	C(lassis) G(ermanicae) p(iae) f(idelis)
HD040754	checked with photo	Belgica	Belgium		Rijmenam			ILB (2. Aufl.) 145; Foto.	C(lassis) G(ermanicae) p(iae) f(idelis)
HD040755	checked with photo	Belgica	Belgium		Harelbeke			ILB (2. Aufl.) 146; Foto.	Vitalis // CTC // M(arcus) Gav(ius) // Ter(entius) Sev(erus) // L(ucius) Sev(erius)
HD040756	checked with photo	Belgica	Belgium		Waudrez		151 AD – 250 AD	ILB (2. Aufl.) 147; Foto.	[ABCDE]FGHIKLMNOPQRSTVX
HD040757	checked with photo	Belgica	Belgium		Tirlemont			ILB (2. Aufl.) 148; Foto.  CIL 13, 10026, 05.	M(arcus) Pro/bius / Bur/rus
HD040758	provisional	Belgica	Belgium		Kruishoutem			ILB (2. Aufl.) 151; Foto.  AE 1992, 1244.	Deo Marti Camulo / Verecundus Fructi / v(otum) s(olvit) l(ibens) m(erito)
HD040759	checked with photo	Belgica	Belgium		Blicquy	Ville d'Anderlecht, Heiligtum		ILB (2. Aufl.) 152; Foto.	[--- An]toni[us? --- l?]ib(ertus) [Do]mesti[cus]
HD040760	checked with photo	Belgica	Belgium		Blicquy	Ville d'Anderlecht, Heiligtum		ILB (2. Aufl.) 153; Foto.	D[---] / B[---]
HD040765	provisional	Belgica	Belgium		Macquenoise			ILB (2. Aufl.) 158; Foto.  AE 1994, 1232.	Iviiricci
HD040769	provisional	Germania inferior	Belgium	Atuatuca Tungrorum	Tongeren			ILB (2. Aufl.) 159; Foto.  AE 1994, 1279.  AE 1995, 1100.	I(ovi) O(ptimo) M(aximo) / et Genio / mun(icipii) Tung(rorum) / Cat(ius?) Drousus / sal(inator) Men(apius?) / v(otum) s(olvit) l(ibens) m(erito)
HD040773	provisional	Germania inferior	Belgium	Atuatuca Tungrorum	Tongeren	Nôtre-Dame, Kirche	101 AD – 250 AD	ILB (2. Aufl.) 159bis; Foto.  AE 2002, 1011.	[I(ovi)] O(ptimo) M(aximo) / Dolichen[o] / Volusia Sabin[i]a/na pro se et su[is]
HD040785	provisional	Germania inferior	Belgium		Tienen	Tramstraat	201 AD – 300 AD	AE 2001, 1399.  ILB (2. Aufl.) 159ter; Foto u. Zeichnung.	D(eo) I(nvicto) M(ithrae) / Tullio / Spuri v(otum) s(olvit) l(ibens) m(erito)
HD040786	checked with photo	Belgica	Belgium		Liberchies	Bons-Villers	101 AD – 300 AD	ILB (2. Aufl.) 161; Foto.	Sol(i) M(ithrae) Q(---) R(---) S(---) a(ntistes) p(ater) o(b) h(onorem)
HD040787	checked with photo	Belgica	Belgium		Liberchies	Bons-Villers	71 AD – 200 AD	AE 1999, 1084.  J. Voinot, Les cachets à collyres dans le monde romain (Montagnac 1999) 365, Nr. 314; Fotos. (B) - AE 1999.  M.-T. Raepsaet-Charlier - J.P. Dewert, AC 68, 1999, 309-312; fig. 1 u. 2. - AE 1999.  ILB (2. Aufl.) 162; pl. 57, 162.	Crescentis stac(tum) // Crescenti(s)
HD040788	checked with photo	Belgica	Belgium		Liberchies	Bons-Villers	201 AD – 250 AD	ILB (2. Aufl.) 163; Foto.	[---]OS / [------] / [---] VRIIO VR[R?]AS / [---] IBV RIIS II[TI]VBASQVII / [--]IBIS [---] IISION[RII?]TIVMITIVS / MANVS [---]CVRIAS SVMVS ANNI
HD040789	provisional	Germania inferior	Belgium		Namur	Rue St-Hilaire	151 AD – 300 AD	ILB (2. Aufl.) 164bis; Foto.	[In h(onorem)] d(omus) d(ivinae) / [&
HD040790	checked with photo	Germania inferior	Belgium		Namur	Château des Comptes, sekundär verwendet	71 AD – 100 AD	AE 1998, 0951.  M.T. Raepsaet-Charlier, in: J. Plumier - C. Duhaut, Sixième Journée d'Archéologie Namuroise, Gembloux 1998 (Gembloux 1998) 117-120; fig. 1 (Zeichnung).  ILB (2. Aufl.) 165; Foto.	Q(uinto) Sicinio Flav[---] / fil(ius) Flavianus Mat[---]/culei Ingenui fil(ia?) Sto[---]/ Sicini(i)s Taci[t---]/viano Flavino O(?)[--- filiis?] / t(estamento) p(oni) i(ussit) h(eredes) f(aciundum) c(uraverunt)
HD040791	provisional	Germania inferior	Belgium		Namur	Château des Comptes, sekundär verwendet	101 AD – 230 AD	AE 2002, 1012.  ILB (2. Aufl.) 166; Foto.	D(is) [M(anibus)] / Cassio [---]/is adiu[trix? ---]ni po[suit]
HD040792	provisional	Belgica	Belgium		Sauvenière	Fanum		AE 1993, 1203.  ILB (2. Aufl.) 167; Foto.	E IMO / ESOET IVT[R]ABAVTIO / RVTI D[V]OESANA / TARAIN[I] PANOV / DIR FONT MEM / MID R MARMAR / E VI IA[B]O VIII MV / MVLCOI CARBRV X
HD040793	provisional	Belgica	Belgium		Arlon			ILB (2. Aufl.) 168; Foto.  AE 1993, 1203.	$]MI SET[---] / [---]ERN[---]
HD040794	checked with photo	Belgica	Belgium		Autelbas	Wolberg, fanum		ILB (2. Aufl.) 170; Foto.	$]VS(?) / [---]M
HD040795	checked with photo	Belgica	Belgium		Virton	S.-Mard		ILB (2. Aufl.) 172; Foto.  AE 1991, 1243.	[---]ns Aug(usti) li[b(ertus)]
HD040799	no image	Belgica	Belgium		Virton	S.-Mard		ILB (2. Aufl.) 173.  CIL 13, 03972.	Poppus don(avit)
HD040803	checked with photo	Belgica	Belgium		Habay-la-Vieille		1 AD – 250 AD	ILB (2. Aufl.) 174; Foto.  AE 1994, 1244.	Viva/s Mic/i(a) Dom(---)
HD040869	no image	Belgica	Belgium	Orolaunum	Arlon	Saint-Donat		ILB (2. Aufl.) 121.	$]ELN[---]/[---]IAS[&
HD040870	provisional	Belgica	Belgium	Orolaunum	Arlon		1 AD – 150 AD	AE 2002, 1021.  ILB (2. Aufl.) 169; Foto.	$] / [P]ardio / [&
HD044853	provisional	Belgica	Belgium	Geminiacum?	Liberchies			AE 2003, 1200.	Qui fecit / memoro // Ponem / pedico
HD044854	provisional	Belgica	Belgium	Geminiacum?	Liberchies			AE 2003, 1201.	Victor
HD044855	provisional	Belgica	Belgium		Liège	Jupille-sur-meuse, Nekropole, sekundär verwendet	69 AD – 96 AD	AE 2003, 1202.	Dis Manibus / Murrano / Bilauci filio
HD049048	provisional	Germania inferior	Belgium		Liberchies		201 AD – 250 AD	AE 1998, 0952.  ILB 163.	[---]OS / [------] / [---]VRIIO VR[R?]AS / [---]IBV RIIS II[I?]VBASQVE / [--]IBIS[---]IISION[-RII?]TIVMVITIVS / MANVS [---]VRIASSVMVS ANNI
HD051686	provisional	Belgica	Belgium	Amianum	Amay	S.-Georges, Kirche	727 AD – 738 AD	AE 1994, 1280.	S(an)c(t)a Chrodoara // Chrodoara nubelis(!) / magna et inclitis(!) ex su/a substancia(!) dictavit(!) s(an)c(t)o/aria(!)
HD052106	provisional	Germania inferior	Belgium		Namur	Schloß, sekundär verwendet	171 AD – 230 AD	AE 2004, 0939.	D(is) M(anibus) e[t] p(erpetuae) s(ecuritati) / Braruco Hu/nattonis sibi / et Lif(th)inae uxs(ori!) / v(ivus) f(ecit)
HD052107	provisional	Germania inferior	Belgium		Namur	Schloß, sekundär verwendet	171 AD – 230 AD	AE 2004, 0940.	D(is) M(anibus) / Placidino Pla/cidi co<n=I>iugi#co<n>iugi#COIIUGI Pa/terna Paterni f(ecit)
HD052108	provisional	Belgica	Belgium		Tienen	Mithraeum		AE 2004, 0941.	Propino tibi
HD053544	provisional	Belgica	Belgium		Couvin			AE 1992, 1245.	Pyrame VA // Eu[ty]ce [VA] // Ierax VA Olympe VA
HD062118	provisional	Belgica	Belgium		Macquenoise			AE 1994, 1234.  ILB 158.	IVIIRICCI
HD063781	provisional	Belgica	Belgium		Liège	Jupille-sur-meuse		AE 2006, 0842. (B)  M. Vanguestaine - M. Gustin, ChronArchWall 16, 2006, 167-169; Foto u. Zeichnung. - AE 2006.	Apoll(ini) Smerturici Exsuper Mansueti f(ilius)
