topicId,rank,docId,filename
1,1,123,null-source
1,2,300,null-source
1,3,286,null-source
1,4,80,null-source
1,5,168,null-source
1,6,321,null-source
1,7,177,null-source
1,8,127,null-source
1,9,341,null-source
1,10,325,null-source
1,11,152,null-source
1,12,250,null-source
1,13,209,null-source
1,14,132,null-source
1,15,157,null-source
1,16,337,null-source
1,17,176,null-source
1,18,150,null-source
1,19,207,null-source
1,20,109,null-source
1,21,41,null-source
1,22,126,null-source
1,23,336,null-source
1,24,120,null-source
1,25,146,null-source
1,26,118,null-source
1,27,115,null-source
1,28,68,null-source
1,29,31,null-source
1,30,205,null-source
1,31,279,null-source
1,32,98,null-source
1,33,125,null-source
1,34,102,null-source
1,35,85,null-source
1,36,153,null-source
1,37,110,null-source
1,38,116,null-source
1,39,87,null-source
1,40,318,null-source
1,41,174,null-source
1,42,163,null-source
1,43,145,null-source
1,44,165,null-source
1,45,345,null-source
1,46,158,null-source
1,47,355,null-source
1,48,189,null-source
1,49,155,null-source
1,50,148,null-source
1,51,134,null-source
1,52,359,null-source
1,53,219,null-source
1,54,149,null-source
1,55,114,null-source
1,56,104,null-source
1,57,346,null-source
1,58,139,null-source
1,59,315,null-source
1,60,105,null-source
1,61,19,null-source
1,62,333,null-source
1,63,332,null-source
1,64,317,null-source
1,65,133,null-source
1,66,339,null-source
1,67,252,null-source
1,68,227,null-source
1,69,309,null-source
1,70,170,null-source
1,71,166,null-source
1,72,135,null-source
1,73,53,null-source
1,74,200,null-source
1,75,119,null-source
1,76,96,null-source
1,77,161,null-source
1,78,108,null-source
1,79,101,null-source
1,80,175,null-source
1,81,154,null-source
1,82,141,null-source
1,83,44,null-source
1,84,6,null-source
1,85,301,null-source
1,86,95,null-source
1,87,78,null-source
1,88,66,null-source
1,89,236,null-source
1,90,162,null-source
1,91,45,null-source
1,92,39,null-source
1,93,8,null-source
1,94,320,null-source
1,95,306,null-source
1,96,185,null-source
1,97,151,null-source
1,98,137,null-source
1,99,107,null-source
1,100,59,null-source
1,101,26,null-source
1,102,21,null-source
1,103,316,null-source
1,104,230,null-source
1,105,130,null-source
1,106,77,null-source
1,107,67,null-source
1,108,178,null-source
1,109,100,null-source
1,110,40,null-source
1,111,326,null-source
1,112,314,null-source
1,113,201,null-source
1,114,159,null-source
1,115,121,null-source
1,116,71,null-source
1,117,335,null-source
1,118,128,null-source
1,119,124,null-source
1,120,106,null-source
1,121,82,null-source
1,122,179,null-source
1,123,62,null-source
1,124,29,null-source
1,125,357,null-source
1,126,308,null-source
1,127,264,null-source
1,128,251,null-source
1,129,180,null-source
1,130,97,null-source
1,131,37,null-source
1,132,11,null-source
1,133,2,null-source
1,134,310,null-source
1,135,307,null-source
1,136,292,null-source
1,137,249,null-source
1,138,235,null-source
1,139,143,null-source
1,140,52,null-source
1,141,194,null-source
1,142,173,null-source
1,143,49,null-source
1,144,9,null-source
1,145,208,null-source
1,146,169,null-source
1,147,93,null-source
1,148,83,null-source
1,149,81,null-source
1,150,46,null-source
1,151,25,null-source
1,152,344,null-source
1,153,340,null-source
1,154,254,null-source
1,155,198,null-source
1,156,171,null-source
1,157,91,null-source
1,158,75,null-source
1,159,65,null-source
1,160,5,null-source
1,161,319,null-source
1,162,294,null-source
1,163,245,null-source
1,164,216,null-source
1,165,206,null-source
1,166,197,null-source
1,167,131,null-source
1,168,103,null-source
1,169,99,null-source
1,170,84,null-source
1,171,70,null-source
1,172,50,null-source
1,173,48,null-source
1,174,343,null-source
1,175,304,null-source
1,176,291,null-source
1,177,282,null-source
1,178,195,null-source
1,179,188,null-source
1,180,164,null-source
1,181,156,null-source
1,182,89,null-source
1,183,47,null-source
1,184,18,null-source
1,185,311,null-source
1,186,270,null-source
1,187,267,null-source
1,188,113,null-source
1,189,112,null-source
1,190,73,null-source
1,191,13,null-source
1,192,331,null-source
1,193,324,null-source
1,194,265,null-source
1,195,228,null-source
1,196,217,null-source
1,197,214,null-source
1,198,211,null-source
1,199,199,null-source
1,200,147,null-source
1,201,144,null-source
1,202,138,null-source
1,203,136,null-source
1,204,117,null-source
1,205,79,null-source
1,206,72,null-source
1,207,32,null-source
1,208,12,null-source
1,209,358,null-source
1,210,342,null-source
1,211,338,null-source
1,212,334,null-source
1,213,302,null-source
1,214,299,null-source
1,215,289,null-source
1,216,278,null-source
1,217,266,null-source
1,218,193,null-source
1,219,111,null-source
1,220,76,null-source
1,221,58,null-source
1,222,36,null-source
1,223,33,null-source
1,224,30,null-source
1,225,16,null-source
1,226,330,null-source
1,227,328,null-source
1,228,322,null-source
1,229,312,null-source
1,230,295,null-source
1,231,271,null-source
1,232,253,null-source
1,233,242,null-source
1,234,240,null-source
1,235,191,null-source
1,236,190,null-source
1,237,182,null-source
1,238,142,null-source
1,239,122,null-source
1,240,90,null-source
1,241,74,null-source
1,242,61,null-source
1,243,57,null-source
1,244,56,null-source
1,245,38,null-source
1,246,34,null-source
1,247,17,null-source
1,248,14,null-source
1,249,10,null-source
1,250,4,null-source
1,251,327,null-source
1,252,313,null-source
1,253,305,null-source
1,254,284,null-source
1,255,283,null-source
1,256,280,null-source
1,257,243,null-source
1,258,183,null-source
1,259,181,null-source
1,260,160,null-source
1,261,88,null-source
1,262,86,null-source
1,263,28,null-source
1,264,24,null-source
1,265,3,null-source
1,266,356,null-source
1,267,347,null-source
1,268,329,null-source
1,269,323,null-source
1,270,297,null-source
1,271,296,null-source
1,272,293,null-source
1,273,287,null-source
1,274,281,null-source
1,275,276,null-source
1,276,274,null-source
1,277,273,null-source
1,278,268,null-source
1,279,262,null-source
1,280,258,null-source
1,281,248,null-source
1,282,247,null-source
1,283,238,null-source
1,284,225,null-source
1,285,184,null-source
1,286,140,null-source
1,287,129,null-source
1,288,94,null-source
1,289,63,null-source
1,290,43,null-source
1,291,42,null-source
1,292,35,null-source
1,293,22,null-source
1,294,15,null-source
1,295,351,null-source
1,296,350,null-source
1,297,303,null-source
1,298,290,null-source
1,299,275,null-source
1,300,272,null-source
1,301,261,null-source
1,302,257,null-source
1,303,256,null-source
1,304,255,null-source
1,305,239,null-source
1,306,237,null-source
1,307,231,null-source
1,308,224,null-source
1,309,223,null-source
1,310,222,null-source
1,311,212,null-source
1,312,210,null-source
1,313,202,null-source
1,314,186,null-source
1,315,92,null-source
1,316,64,null-source
1,317,54,null-source
1,318,51,null-source
1,319,27,null-source
1,320,23,null-source
1,321,20,null-source
1,322,352,null-source
1,323,277,null-source
1,324,263,null-source
1,325,260,null-source
1,326,259,null-source
1,327,246,null-source
1,328,241,null-source
1,329,234,null-source
1,330,229,null-source
1,331,220,null-source
1,332,215,null-source
1,333,213,null-source
1,334,203,null-source
1,335,196,null-source
1,336,187,null-source
1,337,172,null-source
1,338,167,null-source
1,339,69,null-source
1,340,60,null-source
1,341,55,null-source
1,342,7,null-source
1,343,354,null-source
1,344,353,null-source
1,345,349,null-source
1,346,348,null-source
1,347,298,null-source
1,348,288,null-source
1,349,285,null-source
1,350,269,null-source
1,351,244,null-source
1,352,233,null-source
1,353,232,null-source
1,354,226,null-source
1,355,221,null-source
1,356,218,null-source
1,357,204,null-source
1,358,192,null-source
1,359,1,null-source
2,1,354,null-source
2,2,353,null-source
2,3,350,null-source
2,4,352,null-source
2,5,347,null-source
2,6,351,null-source
2,7,349,null-source
2,8,348,null-source
2,9,300,null-source
2,10,110,null-source
2,11,286,null-source
2,12,341,null-source
2,13,236,null-source
2,14,109,null-source
2,15,105,null-source
2,16,250,null-source
2,17,126,null-source
2,18,123,null-source
2,19,128,null-source
2,20,154,null-source
2,21,132,null-source
2,22,95,null-source
2,23,337,null-source
2,24,207,null-source
2,25,41,null-source
2,26,209,null-source
2,27,152,null-source
2,28,205,null-source
2,29,114,null-source
2,30,115,null-source
2,31,102,null-source
2,32,146,null-source
2,33,148,null-source
2,34,176,null-source
2,35,162,null-source
2,36,157,null-source
2,37,309,null-source
2,38,177,null-source
2,39,168,null-source
2,40,108,null-source
2,41,189,null-source
2,42,127,null-source
2,43,336,null-source
2,44,325,null-source
2,45,315,null-source
2,46,308,null-source
2,47,165,null-source
2,48,125,null-source
2,49,97,null-source
2,50,96,null-source
2,51,59,null-source
2,52,174,null-source
2,53,44,null-source
2,54,317,null-source
2,55,131,null-source
2,56,318,null-source
2,57,159,null-source
2,58,155,null-source
2,59,80,null-source
2,60,235,null-source
2,61,101,null-source
2,62,301,null-source
2,63,178,null-source
2,64,121,null-source
2,65,120,null-source
2,66,21,null-source
2,67,279,null-source
2,68,252,null-source
2,69,230,null-source
2,70,198,null-source
2,71,194,null-source
2,72,118,null-source
2,73,116,null-source
2,74,85,null-source
2,75,289,null-source
2,76,333,null-source
2,77,321,null-source
2,78,306,null-source
2,79,263,null-source
2,80,170,null-source
2,81,163,null-source
2,82,302,null-source
2,83,277,null-source
2,84,141,null-source
2,85,87,null-source
2,86,65,null-source
2,87,53,null-source
2,88,201,null-source
2,89,185,null-source
2,90,180,null-source
2,91,161,null-source
2,92,151,null-source
2,93,25,null-source
2,94,11,null-source
2,95,307,null-source
2,96,293,null-source
2,97,158,null-source
2,98,149,null-source
2,99,135,null-source
2,100,104,null-source
2,101,48,null-source
2,102,214,null-source
2,103,208,null-source
2,104,145,null-source
2,105,136,null-source
2,106,107,null-source
2,107,29,null-source
2,108,12,null-source
2,109,345,null-source
2,110,305,null-source
2,111,267,null-source
2,112,258,null-source
2,113,173,null-source
2,114,150,null-source
2,115,147,null-source
2,116,139,null-source
2,117,100,null-source
2,118,98,null-source
2,119,46,null-source
2,120,9,null-source
2,121,8,null-source
2,122,332,null-source
2,123,320,null-source
2,124,282,null-source
2,125,227,null-source
2,126,175,null-source
2,127,166,null-source
2,128,134,null-source
2,129,133,null-source
2,130,78,null-source
2,131,68,null-source
2,132,49,null-source
2,133,39,null-source
2,134,357,null-source
2,135,278,null-source
2,136,200,null-source
2,137,171,null-source
2,138,142,null-source
2,139,129,null-source
2,140,112,null-source
2,141,99,null-source
2,142,77,null-source
2,143,47,null-source
2,144,359,null-source
2,145,310,null-source
2,146,294,null-source
2,147,283,null-source
2,148,264,null-source
2,149,251,null-source
2,150,191,null-source
2,151,179,null-source
2,152,169,null-source
2,153,130,null-source
2,154,71,null-source
2,155,32,null-source
2,156,19,null-source
2,157,358,null-source
2,158,339,null-source
2,159,326,null-source
2,160,324,null-source
2,161,319,null-source
2,162,314,null-source
2,163,273,null-source
2,164,271,null-source
2,165,254,null-source
2,166,253,null-source
2,167,213,null-source
2,168,138,null-source
2,169,124,null-source
2,170,113,null-source
2,171,111,null-source
2,172,67,null-source
2,173,66,null-source
2,174,62,null-source
2,175,356,null-source
2,176,343,null-source
2,177,299,null-source
2,178,295,null-source
2,179,287,null-source
2,180,266,null-source
2,181,256,null-source
2,182,195,null-source
2,183,183,null-source
2,184,153,null-source
2,185,140,null-source
2,186,119,null-source
2,187,106,null-source
2,188,91,null-source
2,189,82,null-source
2,190,61,null-source
2,191,10,null-source
2,192,355,null-source
2,193,334,null-source
2,194,313,null-source
2,195,292,null-source
2,196,275,null-source
2,197,255,null-source
2,198,246,null-source
2,199,243,null-source
2,200,242,null-source
2,201,237,null-source
2,202,206,null-source
2,203,199,null-source
2,204,197,null-source
2,205,164,null-source
2,206,156,null-source
2,207,144,null-source
2,208,137,null-source
2,209,122,null-source
2,210,89,null-source
2,211,88,null-source
2,212,74,null-source
2,213,73,null-source
2,214,72,null-source
2,215,70,null-source
2,216,37,null-source
2,217,7,null-source
2,218,5,null-source
2,219,340,null-source
2,220,323,null-source
2,221,280,null-source
2,222,270,null-source
2,223,268,null-source
2,224,249,null-source
2,225,244,null-source
2,226,240,null-source
2,227,238,null-source
2,228,219,null-source
2,229,188,null-source
2,230,187,null-source
2,231,181,null-source
2,232,103,null-source
2,233,93,null-source
2,234,90,null-source
2,235,83,null-source
2,236,81,null-source
2,237,79,null-source
2,238,76,null-source
2,239,60,null-source
2,240,57,null-source
2,241,56,null-source
2,242,40,null-source
2,243,33,null-source
2,244,26,null-source
2,245,13,null-source
2,246,6,null-source
2,247,346,null-source
2,248,344,null-source
2,249,342,null-source
2,250,312,null-source
2,251,304,null-source
2,252,297,null-source
2,253,296,null-source
2,254,291,null-source
2,255,285,null-source
2,256,262,null-source
2,257,261,null-source
2,258,257,null-source
2,259,248,null-source
2,260,247,null-source
2,261,231,null-source
2,262,228,null-source
2,263,226,null-source
2,264,220,null-source
2,265,218,null-source
2,266,216,null-source
2,267,210,null-source
2,268,186,null-source
2,269,160,null-source
2,270,143,null-source
2,271,84,null-source
2,272,75,null-source
2,273,64,null-source
2,274,63,null-source
2,275,50,null-source
2,276,36,null-source
2,277,31,null-source
2,278,28,null-source
2,279,27,null-source
2,280,24,null-source
2,281,18,null-source
2,282,3,null-source
2,283,2,null-source
2,284,331,null-source
2,285,316,null-source
2,286,311,null-source
2,287,298,null-source
2,288,290,null-source
2,289,288,null-source
2,290,284,null-source
2,291,274,null-source
2,292,265,null-source
2,293,259,null-source
2,294,245,null-source
2,295,241,null-source
2,296,239,null-source
2,297,233,null-source
2,298,229,null-source
2,299,225,null-source
2,300,224,null-source
2,301,221,null-source
2,302,217,null-source
2,303,215,null-source
2,304,212,null-source
2,305,211,null-source
2,306,204,null-source
2,307,203,null-source
2,308,196,null-source
2,309,193,null-source
2,310,192,null-source
2,311,184,null-source
2,312,172,null-source
2,313,167,null-source
2,314,117,null-source
2,315,94,null-source
2,316,58,null-source
2,317,55,null-source
2,318,54,null-source
2,319,52,null-source
2,320,51,null-source
2,321,45,null-source
2,322,43,null-source
2,323,35,null-source
2,324,34,null-source
2,325,30,null-source
2,326,23,null-source
2,327,20,null-source
2,328,16,null-source
2,329,15,null-source
2,330,14,null-source
2,331,1,null-source
2,332,338,null-source
2,333,335,null-source
2,334,330,null-source
2,335,329,null-source
2,336,328,null-source
2,337,327,null-source
2,338,322,null-source
2,339,303,null-source
2,340,281,null-source
2,341,276,null-source
2,342,272,null-source
2,343,269,null-source
2,344,260,null-source
2,345,234,null-source
2,346,232,null-source
2,347,223,null-source
2,348,222,null-source
2,349,202,null-source
2,350,190,null-source
2,351,182,null-source
2,352,92,null-source
2,353,86,null-source
2,354,69,null-source
2,355,42,null-source
2,356,38,null-source
2,357,22,null-source
2,358,17,null-source
2,359,4,null-source
3,1,110,null-source
3,2,300,null-source
3,3,357,null-source
3,4,180,null-source
3,5,279,null-source
3,6,155,null-source
3,7,134,null-source
3,8,250,null-source
3,9,146,null-source
3,10,114,null-source
3,11,207,null-source
3,12,123,null-source
3,13,333,null-source
3,14,170,null-source
3,15,341,null-source
3,16,321,null-source
3,17,358,null-source
3,18,317,null-source
3,19,301,null-source
3,20,345,null-source
3,21,177,null-source
3,22,132,null-source
3,23,135,null-source
3,24,19,null-source
3,25,325,null-source
3,26,128,null-source
3,27,127,null-source
3,28,21,null-source
3,29,286,null-source
3,30,174,null-source
3,31,41,null-source
3,32,150,null-source
3,33,95,null-source
3,34,235,null-source
3,35,153,null-source
3,36,109,null-source
3,37,205,null-source
3,38,157,null-source
3,39,59,null-source
3,40,126,null-source
3,41,118,null-source
3,42,185,null-source
3,43,105,null-source
3,44,80,null-source
3,45,227,null-source
3,46,220,null-source
3,47,308,null-source
3,48,254,null-source
3,49,154,null-source
3,50,309,null-source
3,51,178,null-source
3,52,168,null-source
3,53,139,null-source
3,54,315,null-source
3,55,100,null-source
3,56,85,null-source
3,57,264,null-source
3,58,258,null-source
3,59,119,null-source
3,60,116,null-source
3,61,189,null-source
3,62,175,null-source
3,63,68,null-source
3,64,120,null-source
3,65,115,null-source
3,66,40,null-source
3,67,336,null-source
3,68,236,null-source
3,69,201,null-source
3,70,306,null-source
3,71,98,null-source
3,72,49,null-source
3,73,176,null-source
3,74,53,null-source
3,75,337,null-source
3,76,151,null-source
3,77,6,null-source
3,78,165,null-source
3,79,164,null-source
3,80,162,null-source
3,81,32,null-source
3,82,289,null-source
3,83,267,null-source
3,84,191,null-source
3,85,106,null-source
3,86,67,null-source
3,87,305,null-source
3,88,271,null-source
3,89,263,null-source
3,90,202,null-source
3,91,96,null-source
3,92,10,null-source
3,93,326,null-source
3,94,320,null-source
3,95,209,null-source
3,96,318,null-source
3,97,179,null-source
3,98,133,null-source
3,99,131,null-source
3,100,46,null-source
3,101,14,null-source
3,102,294,null-source
3,103,145,null-source
3,104,113,null-source
3,105,249,null-source
3,106,206,null-source
3,107,173,null-source
3,108,161,null-source
3,109,142,null-source
3,110,125,null-source
3,111,102,null-source
3,112,25,null-source
3,113,11,null-source
3,114,338,null-source
3,115,332,null-source
3,116,208,null-source
3,117,143,null-source
3,118,342,null-source
3,119,307,null-source
3,120,194,null-source
3,121,152,null-source
3,122,137,null-source
3,123,108,null-source
3,124,39,null-source
3,125,26,null-source
3,126,313,null-source
3,127,293,null-source
3,128,76,null-source
3,129,65,null-source
3,130,2,null-source
3,131,245,null-source
3,132,112,null-source
3,133,101,null-source
3,134,45,null-source
3,135,316,null-source
3,136,253,null-source
3,137,225,null-source
3,138,148,null-source
3,139,87,null-source
3,140,77,null-source
3,141,16,null-source
3,142,329,null-source
3,143,210,null-source
3,144,169,null-source
3,145,163,null-source
3,146,121,null-source
3,147,84,null-source
3,148,66,null-source
3,149,62,null-source
3,150,47,null-source
3,151,24,null-source
3,152,23,null-source
3,153,339,null-source
3,154,282,null-source
3,155,219,null-source
3,156,195,null-source
3,157,158,null-source
3,158,124,null-source
3,159,122,null-source
3,160,97,null-source
3,161,75,null-source
3,162,29,null-source
3,163,8,null-source
3,164,314,null-source
3,165,304,null-source
3,166,237,null-source
3,167,214,null-source
3,168,167,null-source
3,169,147,null-source
3,170,104,null-source
3,171,83,null-source
3,172,70,null-source
3,173,56,null-source
3,174,359,null-source
3,175,346,null-source
3,176,340,null-source
3,177,335,null-source
3,178,331,null-source
3,179,292,null-source
3,180,283,null-source
3,181,276,null-source
3,182,274,null-source
3,183,273,null-source
3,184,228,null-source
3,185,183,null-source
3,186,149,null-source
3,187,144,null-source
3,188,141,null-source
3,189,129,null-source
3,190,107,null-source
3,191,78,null-source
3,192,48,null-source
3,193,1,null-source
3,194,334,null-source
3,195,311,null-source
3,196,310,null-source
3,197,295,null-source
3,198,265,null-source
3,199,251,null-source
3,200,200,null-source
3,201,187,null-source
3,202,171,null-source
3,203,160,null-source
3,204,159,null-source
3,205,74,null-source
3,206,71,null-source
3,207,61,null-source
3,208,44,null-source
3,209,13,null-source
3,210,7,null-source
3,211,355,null-source
3,212,343,null-source
3,213,324,null-source
3,214,302,null-source
3,215,299,null-source
3,216,287,null-source
3,217,246,null-source
3,218,243,null-source
3,219,217,null-source
3,220,156,null-source
3,221,140,null-source
3,222,138,null-source
3,223,130,null-source
3,224,72,null-source
3,225,64,null-source
3,226,37,null-source
3,227,17,null-source
3,228,5,null-source
3,229,3,null-source
3,230,312,null-source
3,231,298,null-source
3,232,291,null-source
3,233,280,null-source
3,234,278,null-source
3,235,277,null-source
3,236,252,null-source
3,237,244,null-source
3,238,240,null-source
3,239,232,null-source
3,240,231,null-source
3,241,218,null-source
3,242,215,null-source
3,243,212,null-source
3,244,193,null-source
3,245,188,null-source
3,246,184,null-source
3,247,103,null-source
3,248,93,null-source
3,249,91,null-source
3,250,81,null-source
3,251,73,null-source
3,252,58,null-source
3,253,36,null-source
3,254,33,null-source
3,255,12,null-source
3,256,354,null-source
3,257,352,null-source
3,258,349,null-source
3,259,344,null-source
3,260,327,null-source
3,261,322,null-source
3,262,319,null-source
3,263,290,null-source
3,264,275,null-source
3,265,270,null-source
3,266,262,null-source
3,267,261,null-source
3,268,257,null-source
3,269,248,null-source
3,270,247,null-source
3,271,241,null-source
3,272,230,null-source
3,273,229,null-source
3,274,224,null-source
3,275,213,null-source
3,276,203,null-source
3,277,199,null-source
3,278,198,null-source
3,279,190,null-source
3,280,172,null-source
3,281,166,null-source
3,282,111,null-source
3,283,99,null-source
3,284,89,null-source
3,285,88,null-source
3,286,82,null-source
3,287,63,null-source
3,288,50,null-source
3,289,43,null-source
3,290,34,null-source
3,291,18,null-source
3,292,9,null-source
3,293,4,null-source
3,294,351,null-source
3,295,347,null-source
3,296,330,null-source
3,297,296,null-source
3,298,288,null-source
3,299,281,null-source
3,300,269,null-source
3,301,268,null-source
3,302,266,null-source
3,303,259,null-source
3,304,256,null-source
3,305,242,null-source
3,306,239,null-source
3,307,238,null-source
3,308,233,null-source
3,309,226,null-source
3,310,222,null-source
3,311,221,null-source
3,312,211,null-source
3,313,204,null-source
3,314,197,null-source
3,315,196,null-source
3,316,192,null-source
3,317,181,null-source
3,318,136,null-source
3,319,117,null-source
3,320,90,null-source
3,321,86,null-source
3,322,79,null-source
3,323,57,null-source
3,324,54,null-source
3,325,38,null-source
3,326,30,null-source
3,327,28,null-source
3,328,27,null-source
3,329,22,null-source
3,330,20,null-source
3,331,356,null-source
3,332,353,null-source
3,333,350,null-source
3,334,348,null-source
3,335,328,null-source
3,336,323,null-source
3,337,303,null-source
3,338,297,null-source
3,339,285,null-source
3,340,284,null-source
3,341,272,null-source
3,342,260,null-source
3,343,255,null-source
3,344,234,null-source
3,345,223,null-source
3,346,216,null-source
3,347,186,null-source
3,348,182,null-source
3,349,94,null-source
3,350,92,null-source
3,351,69,null-source
3,352,60,null-source
3,353,55,null-source
3,354,52,null-source
3,355,51,null-source
3,356,42,null-source
3,357,35,null-source
3,358,31,null-source
3,359,15,null-source
4,1,198,null-source
4,2,87,null-source
4,3,123,null-source
4,4,157,null-source
4,5,318,null-source
4,6,205,null-source
4,7,359,null-source
4,8,121,null-source
4,9,118,null-source
4,10,155,null-source
4,11,19,null-source
4,12,98,null-source
4,13,264,null-source
4,14,146,null-source
4,15,109,null-source
4,16,120,null-source
4,17,209,null-source
4,18,333,null-source
4,19,235,null-source
4,20,127,null-source
4,21,119,null-source
4,22,236,null-source
4,23,126,null-source
4,24,132,null-source
4,25,227,null-source
4,26,150,null-source
4,27,300,null-source
4,28,321,null-source
4,29,163,null-source
4,30,111,null-source
4,31,250,null-source
4,32,154,null-source
4,33,85,null-source
4,34,2,null-source
4,35,325,null-source
4,36,194,null-source
4,37,337,null-source
4,38,286,null-source
4,39,153,null-source
4,40,207,null-source
4,41,67,null-source
4,42,301,null-source
4,43,161,null-source
4,44,142,null-source
4,45,201,null-source
4,46,148,null-source
4,47,110,null-source
4,48,341,null-source
4,49,115,null-source
4,50,9,null-source
4,51,177,null-source
4,52,139,null-source
4,53,358,null-source
4,54,140,null-source
4,55,189,null-source
4,56,59,null-source
4,57,45,null-source
4,58,131,null-source
4,59,47,null-source
4,60,178,null-source
4,61,302,null-source
4,62,165,null-source
4,63,31,null-source
4,64,304,null-source
4,65,346,null-source
4,66,289,null-source
4,67,170,null-source
4,68,89,null-source
4,69,355,null-source
4,70,252,null-source
4,71,128,null-source
4,72,99,null-source
4,73,219,null-source
4,74,129,null-source
4,75,117,null-source
4,76,357,null-source
4,77,332,null-source
4,78,6,null-source
4,79,175,null-source
4,80,135,null-source
4,81,68,null-source
4,82,336,null-source
4,83,292,null-source
4,84,267,null-source
4,85,134,null-source
4,86,66,null-source
4,87,180,null-source
4,88,164,null-source
4,89,114,null-source
4,90,311,null-source
4,91,309,null-source
4,92,258,null-source
4,93,166,null-source
4,94,137,null-source
4,95,97,null-source
4,96,167,null-source
4,97,141,null-source
4,98,62,null-source
4,99,8,null-source
4,100,168,null-source
4,101,138,null-source
4,102,116,null-source
4,103,326,null-source
4,104,149,null-source
4,105,143,null-source
4,106,108,null-source
4,107,105,null-source
4,108,329,null-source
4,109,253,null-source
4,110,239,null-source
4,111,226,null-source
4,112,130,null-source
4,113,299,null-source
4,114,230,null-source
4,115,173,null-source
4,116,144,null-source
4,117,5,null-source
4,118,335,null-source
4,119,307,null-source
4,120,179,null-source
4,121,171,null-source
4,122,122,null-source
4,123,48,null-source
4,124,106,null-source
4,125,80,null-source
4,126,314,null-source
4,127,308,null-source
4,128,197,null-source
4,129,191,null-source
4,130,147,null-source
4,131,338,null-source
4,132,263,null-source
4,133,151,null-source
4,134,145,null-source
4,135,100,null-source
4,136,28,null-source
4,137,305,null-source
4,138,283,null-source
4,139,195,null-source
4,140,193,null-source
4,141,133,null-source
4,142,101,null-source
4,143,50,null-source
4,144,40,null-source
4,145,34,null-source
4,146,27,null-source
4,147,14,null-source
4,148,342,null-source
4,149,316,null-source
4,150,95,null-source
4,151,61,null-source
4,152,41,null-source
4,153,32,null-source
4,154,254,null-source
4,155,220,null-source
4,156,188,null-source
4,157,156,null-source
4,158,107,null-source
4,159,102,null-source
4,160,36,null-source
4,161,26,null-source
4,162,214,null-source
4,163,185,null-source
4,164,152,null-source
4,165,124,null-source
4,166,104,null-source
4,167,44,null-source
4,168,23,null-source
4,169,13,null-source
4,170,7,null-source
4,171,322,null-source
4,172,246,null-source
4,173,225,null-source
4,174,202,null-source
4,175,176,null-source
4,176,159,null-source
4,177,125,null-source
4,178,75,null-source
4,179,56,null-source
4,180,37,null-source
4,181,24,null-source
4,182,21,null-source
4,183,12,null-source
4,184,295,null-source
4,185,291,null-source
4,186,249,null-source
4,187,162,null-source
4,188,113,null-source
4,189,71,null-source
4,190,53,null-source
4,191,310,null-source
4,192,290,null-source
4,193,266,null-source
4,194,232,null-source
4,195,228,null-source
4,196,174,null-source
4,197,169,null-source
4,198,158,null-source
4,199,96,null-source
4,200,64,null-source
4,201,51,null-source
4,202,33,null-source
4,203,315,null-source
4,204,313,null-source
4,205,312,null-source
4,206,297,null-source
4,207,217,null-source
4,208,323,null-source
4,209,320,null-source
4,210,317,null-source
4,211,271,null-source
4,212,268,null-source
4,213,222,null-source
4,214,183,null-source
4,215,17,null-source
4,216,10,null-source
4,217,3,null-source
4,218,265,null-source
4,219,218,null-source
4,220,212,null-source
4,221,190,null-source
4,222,77,null-source
4,223,58,null-source
4,224,49,null-source
4,225,43,null-source
4,226,39,null-source
4,227,344,null-source
4,228,327,null-source
4,229,306,null-source
4,230,294,null-source
4,231,284,null-source
4,232,278,null-source
4,233,277,null-source
4,234,275,null-source
4,235,262,null-source
4,236,224,null-source
4,237,211,null-source
4,238,91,null-source
4,239,88,null-source
4,240,74,null-source
4,241,73,null-source
4,242,57,null-source
4,243,54,null-source
4,244,35,null-source
4,245,354,null-source
4,246,349,null-source
4,247,319,null-source
4,248,298,null-source
4,249,293,null-source
4,250,285,null-source
4,251,281,null-source
4,252,279,null-source
4,253,276,null-source
4,254,251,null-source
4,255,247,null-source
4,256,245,null-source
4,257,208,null-source
4,258,200,null-source
4,259,199,null-source
4,260,94,null-source
4,261,90,null-source
4,262,82,null-source
4,263,79,null-source
4,264,78,null-source
4,265,72,null-source
4,266,65,null-source
4,267,52,null-source
4,268,46,null-source
4,269,29,null-source
4,270,16,null-source
4,271,345,null-source
4,272,340,null-source
4,273,339,null-source
4,274,296,null-source
4,275,288,null-source
4,276,280,null-source
4,277,272,null-source
4,278,260,null-source
4,279,221,null-source
4,280,213,null-source
4,281,206,null-source
4,282,187,null-source
4,283,184,null-source
4,284,160,null-source
4,285,112,null-source
4,286,93,null-source
4,287,76,null-source
4,288,42,null-source
4,289,11,null-source
4,290,4,null-source
4,291,1,null-source
4,292,348,null-source
4,293,343,null-source
4,294,331,null-source
4,295,330,null-source
4,296,328,null-source
4,297,324,null-source
4,298,287,null-source
4,299,282,null-source
4,300,259,null-source
4,301,257,null-source
4,302,256,null-source
4,303,255,null-source
4,304,244,null-source
4,305,243,null-source
4,306,242,null-source
4,307,237,null-source
4,308,234,null-source
4,309,233,null-source
4,310,231,null-source
4,311,216,null-source
4,312,210,null-source
4,313,192,null-source
4,314,186,null-source
4,315,182,null-source
4,316,181,null-source
4,317,136,null-source
4,318,103,null-source
4,319,92,null-source
4,320,86,null-source
4,321,81,null-source
4,322,70,null-source
4,323,30,null-source
4,324,22,null-source
4,325,20,null-source
4,326,18,null-source
4,327,356,null-source
4,328,353,null-source
4,329,352,null-source
4,330,351,null-source
4,331,350,null-source
4,332,347,null-source
4,333,334,null-source
4,334,303,null-source
4,335,274,null-source
4,336,273,null-source
4,337,270,null-source
4,338,269,null-source
4,339,261,null-source
4,340,248,null-source
4,341,241,null-source
4,342,240,null-source
4,343,238,null-source
4,344,229,null-source
4,345,223,null-source
4,346,215,null-source
4,347,204,null-source
4,348,203,null-source
4,349,196,null-source
4,350,172,null-source
4,351,84,null-source
4,352,83,null-source
4,353,69,null-source
4,354,63,null-source
4,355,60,null-source
4,356,55,null-source
4,357,38,null-source
4,358,25,null-source
4,359,15,null-source
5,1,124,null-source
5,2,126,null-source
5,3,250,null-source
5,4,300,null-source
5,5,110,null-source
5,6,120,null-source
5,7,109,null-source
5,8,102,null-source
5,9,148,null-source
5,10,155,null-source
5,11,118,null-source
5,12,207,null-source
5,13,116,null-source
5,14,185,null-source
5,15,141,null-source
5,16,131,null-source
5,17,125,null-source
5,18,145,null-source
5,19,128,null-source
5,20,122,null-source
5,21,100,null-source
5,22,225,null-source
5,23,341,null-source
5,24,107,null-source
5,25,254,null-source
5,26,98,null-source
5,27,220,null-source
5,28,227,null-source
5,29,132,null-source
5,30,103,null-source
5,31,309,null-source
5,32,59,null-source
5,33,176,null-source
5,34,113,null-source
5,35,336,null-source
5,36,308,null-source
5,37,168,null-source
5,38,97,null-source
5,39,173,null-source
5,40,177,null-source
5,41,137,null-source
5,42,209,null-source
5,43,264,null-source
5,44,129,null-source
5,45,146,null-source
5,46,321,null-source
5,47,315,null-source
5,48,108,null-source
5,49,106,null-source
5,50,162,null-source
5,51,267,null-source
5,52,143,null-source
5,53,339,null-source
5,54,317,null-source
5,55,159,null-source
5,56,112,null-source
5,57,96,null-source
5,58,133,null-source
5,59,121,null-source
5,60,345,null-source
5,61,305,null-source
5,62,91,null-source
5,63,236,null-source
5,64,201,null-source
5,65,149,null-source
5,66,77,null-source
5,67,294,null-source
5,68,154,null-source
5,69,151,null-source
5,70,105,null-source
5,71,230,null-source
5,72,134,null-source
5,73,332,null-source
5,74,286,null-source
5,75,170,null-source
5,76,175,null-source
5,77,114,null-source
5,78,99,null-source
5,79,212,null-source
5,80,205,null-source
5,81,178,null-source
5,82,156,null-source
5,83,101,null-source
5,84,304,null-source
5,85,158,null-source
5,86,136,null-source
5,87,12,null-source
5,88,358,null-source
5,89,302,null-source
5,90,174,null-source
5,91,171,null-source
5,92,164,null-source
5,93,127,null-source
5,94,6,null-source
5,95,163,null-source
5,96,123,null-source
5,97,85,null-source
5,98,24,null-source
5,99,252,null-source
5,100,115,null-source
5,101,66,null-source
5,102,8,null-source
5,103,284,null-source
5,104,235,null-source
5,105,78,null-source
5,106,32,null-source
5,107,301,null-source
5,108,258,null-source
5,109,194,null-source
5,110,166,null-source
5,111,153,null-source
5,112,139,null-source
5,113,82,null-source
5,114,71,null-source
5,115,53,null-source
5,116,11,null-source
5,117,333,null-source
5,118,326,null-source
5,119,191,null-source
5,120,48,null-source
5,121,44,null-source
5,122,325,null-source
5,123,245,null-source
5,124,219,null-source
5,125,157,null-source
5,126,135,null-source
5,127,119,null-source
5,128,65,null-source
5,129,21,null-source
5,130,311,null-source
5,131,306,null-source
5,132,295,null-source
5,133,280,null-source
5,134,221,null-source
5,135,189,null-source
5,136,161,null-source
5,137,130,null-source
5,138,104,null-source
5,139,41,null-source
5,140,342,null-source
5,141,331,null-source
5,142,320,null-source
5,143,296,null-source
5,144,198,null-source
5,145,183,null-source
5,146,150,null-source
5,147,147,null-source
5,148,117,null-source
5,149,88,null-source
5,150,74,null-source
5,151,29,null-source
5,152,9,null-source
5,153,334,null-source
5,154,313,null-source
5,155,253,null-source
5,156,208,null-source
5,157,152,null-source
5,158,89,null-source
5,159,80,null-source
5,160,68,null-source
5,161,45,null-source
5,162,356,null-source
5,163,344,null-source
5,164,340,null-source
5,165,316,null-source
5,166,291,null-source
5,167,289,null-source
5,168,279,null-source
5,169,271,null-source
5,170,249,null-source
5,171,2,null-source
5,172,307,null-source
5,173,290,null-source
5,174,266,null-source
5,175,257,null-source
5,176,251,null-source
5,177,167,null-source
5,178,138,null-source
5,179,18,null-source
5,180,16,null-source
5,181,5,null-source
5,182,343,null-source
5,183,318,null-source
5,184,283,null-source
5,185,277,null-source
5,186,275,null-source
5,187,274,null-source
5,188,265,null-source
5,189,200,null-source
5,190,197,null-source
5,191,187,null-source
5,192,179,null-source
5,193,165,null-source
5,194,111,null-source
5,195,95,null-source
5,196,84,null-source
5,197,83,null-source
5,198,52,null-source
5,199,47,null-source
5,200,40,null-source
5,201,26,null-source
5,202,25,null-source
5,203,337,null-source
5,204,328,null-source
5,205,314,null-source
5,206,299,null-source
5,207,293,null-source
5,208,272,null-source
5,209,247,null-source
5,210,240,null-source
5,211,239,null-source
5,212,238,null-source
5,213,215,null-source
5,214,214,null-source
5,215,206,null-source
5,216,202,null-source
5,217,195,null-source
5,218,169,null-source
5,219,142,null-source
5,220,90,null-source
5,221,79,null-source
5,222,62,null-source
5,223,338,null-source
5,224,303,null-source
5,225,282,null-source
5,226,269,null-source
5,227,262,null-source
5,228,246,null-source
5,229,237,null-source
5,230,216,null-source
5,231,210,null-source
5,232,93,null-source
5,233,76,null-source
5,234,70,null-source
5,235,67,null-source
5,236,64,null-source
5,237,60,null-source
5,238,50,null-source
5,239,49,null-source
5,240,17,null-source
5,241,13,null-source
5,242,4,null-source
5,243,349,null-source
5,244,335,null-source
5,245,319,null-source
5,246,285,null-source
5,247,278,null-source
5,248,276,null-source
5,249,273,null-source
5,250,263,null-source
5,251,260,null-source
5,252,244,null-source
5,253,222,null-source
5,254,217,null-source
5,255,213,null-source
5,256,204,null-source
5,257,190,null-source
5,258,184,null-source
5,259,182,null-source
5,260,180,null-source
5,261,86,null-source
5,262,81,null-source
5,263,61,null-source
5,264,55,null-source
5,265,51,null-source
5,266,43,null-source
5,267,36,null-source
5,268,35,null-source
5,269,31,null-source
5,270,14,null-source
5,271,3,null-source
5,272,357,null-source
5,273,354,null-source
5,274,352,null-source
5,275,350,null-source
5,276,348,null-source
5,277,329,null-source
5,278,324,null-source
5,279,292,null-source
5,280,261,null-source
5,281,243,null-source
5,282,218,null-source
5,283,193,null-source
5,284,172,null-source
5,285,160,null-source
5,286,144,null-source
5,287,87,null-source
5,288,73,null-source
5,289,46,null-source
5,290,42,null-source
5,291,39,null-source
5,292,30,null-source
5,293,22,null-source
5,294,10,null-source
5,295,1,null-source
5,296,359,null-source
5,297,355,null-source
5,298,353,null-source
5,299,351,null-source
5,300,347,null-source
5,301,327,null-source
5,302,323,null-source
5,303,288,null-source
5,304,268,null-source
5,305,248,null-source
5,306,242,null-source
5,307,232,null-source
5,308,231,null-source
5,309,228,null-source
5,310,226,null-source
5,311,223,null-source
5,312,199,null-source
5,313,196,null-source
5,314,188,null-source
5,315,181,null-source
5,316,140,null-source
5,317,94,null-source
5,318,75,null-source
5,319,72,null-source
5,320,63,null-source
5,321,57,null-source
5,322,56,null-source
5,323,38,null-source
5,324,34,null-source
5,325,33,null-source
5,326,28,null-source
5,327,27,null-source
5,328,23,null-source
5,329,19,null-source
5,330,7,null-source
5,331,346,null-source
5,332,330,null-source
5,333,322,null-source
5,334,312,null-source
5,335,310,null-source
5,336,298,null-source
5,337,297,null-source
5,338,287,null-source
5,339,281,null-source
5,340,270,null-source
5,341,259,null-source
5,342,256,null-source
5,343,255,null-source
5,344,241,null-source
5,345,234,null-source
5,346,233,null-source
5,347,229,null-source
5,348,224,null-source
5,349,211,null-source
5,350,203,null-source
5,351,192,null-source
5,352,186,null-source
5,353,92,null-source
5,354,69,null-source
5,355,58,null-source
5,356,54,null-source
5,357,37,null-source
5,358,20,null-source
5,359,15,null-source
6,1,154,null-source
6,2,205,null-source
6,3,201,null-source
6,4,236,null-source
6,5,300,null-source
6,6,250,null-source
6,7,267,null-source
6,8,87,null-source
6,9,118,null-source
6,10,128,null-source
6,11,132,null-source
6,12,235,null-source
6,13,318,null-source
6,14,189,null-source
6,15,131,null-source
6,16,207,null-source
6,17,359,null-source
6,18,289,null-source
6,19,157,null-source
6,20,110,null-source
6,21,159,null-source
6,22,209,null-source
6,23,122,null-source
6,24,109,null-source
6,25,113,null-source
6,26,123,null-source
6,27,253,null-source
6,28,302,null-source
6,29,127,null-source
6,30,161,null-source
6,31,146,null-source
6,32,321,null-source
6,33,126,null-source
6,34,120,null-source
6,35,98,null-source
6,36,305,null-source
6,37,151,null-source
6,38,80,null-source
6,39,325,null-source
6,40,41,null-source
6,41,194,null-source
6,42,155,null-source
6,43,148,null-source
6,44,283,null-source
6,45,150,null-source
6,46,341,null-source
6,47,163,null-source
6,48,85,null-source
6,49,68,null-source
6,50,333,null-source
6,51,291,null-source
6,52,286,null-source
6,53,141,null-source
6,54,290,null-source
6,55,96,null-source
6,56,59,null-source
6,57,252,null-source
6,58,129,null-source
6,59,97,null-source
6,60,171,null-source
6,61,124,null-source
6,62,21,null-source
6,63,9,null-source
6,64,292,null-source
6,65,284,null-source
6,66,139,null-source
6,67,281,null-source
6,68,264,null-source
6,69,219,null-source
6,70,191,null-source
6,71,121,null-source
6,72,119,null-source
6,73,336,null-source
6,74,193,null-source
6,75,153,null-source
6,76,125,null-source
6,77,115,null-source
6,78,227,null-source
6,79,178,null-source
6,80,173,null-source
6,81,99,null-source
6,82,130,null-source
6,83,44,null-source
6,84,144,null-source
6,85,112,null-source
6,86,301,null-source
6,87,200,null-source
6,88,294,null-source
6,89,198,null-source
6,90,147,null-source
6,91,143,null-source
6,92,100,null-source
6,93,117,null-source
6,94,105,null-source
6,95,74,null-source
6,96,45,null-source
6,97,309,null-source
6,98,176,null-source
6,99,71,null-source
6,100,337,null-source
6,101,230,null-source
6,102,190,null-source
6,103,145,null-source
6,104,168,null-source
6,105,102,null-source
6,106,47,null-source
6,107,355,null-source
6,108,346,null-source
6,109,140,null-source
6,110,136,null-source
6,111,114,null-source
6,112,40,null-source
6,113,10,null-source
6,114,177,null-source
6,115,249,null-source
6,116,170,null-source
6,117,152,null-source
6,118,134,null-source
6,119,2,null-source
6,120,317,null-source
6,121,271,null-source
6,122,166,null-source
6,123,106,null-source
6,124,76,null-source
6,125,29,null-source
6,126,6,null-source
6,127,275,null-source
6,128,197,null-source
6,129,135,null-source
6,130,107,null-source
6,131,66,null-source
6,132,32,null-source
6,133,285,null-source
6,134,262,null-source
6,135,234,null-source
6,136,206,null-source
6,137,175,null-source
6,138,167,null-source
6,139,108,null-source
6,140,65,null-source
6,141,277,null-source
6,142,195,null-source
6,143,188,null-source
6,144,179,null-source
6,145,169,null-source
6,146,164,null-source
6,147,133,null-source
6,148,358,null-source
6,149,332,null-source
6,150,316,null-source
6,151,315,null-source
6,152,279,null-source
6,153,258,null-source
6,154,218,null-source
6,155,214,null-source
6,156,158,null-source
6,157,138,null-source
6,158,116,null-source
6,159,93,null-source
6,160,88,null-source
6,161,67,null-source
6,162,62,null-source
6,163,31,null-source
6,164,24,null-source
6,165,19,null-source
6,166,11,null-source
6,167,342,null-source
6,168,307,null-source
6,169,256,null-source
6,170,255,null-source
6,171,243,null-source
6,172,225,null-source
6,173,192,null-source
6,174,156,null-source
6,175,142,null-source
6,176,104,null-source
6,177,77,null-source
6,178,61,null-source
6,179,357,null-source
6,180,343,null-source
6,181,308,null-source
6,182,270,null-source
6,183,263,null-source
6,184,254,null-source
6,185,245,null-source
6,186,238,null-source
6,187,232,null-source
6,188,162,null-source
6,189,111,null-source
6,190,94,null-source
6,191,82,null-source
6,192,53,null-source
6,193,49,null-source
6,194,33,null-source
6,195,17,null-source
6,196,335,null-source
6,197,320,null-source
6,198,313,null-source
6,199,303,null-source
6,200,295,null-source
6,201,276,null-source
6,202,259,null-source
6,203,228,null-source
6,204,226,null-source
6,205,208,null-source
6,206,180,null-source
6,207,174,null-source
6,208,95,null-source
6,209,86,null-source
6,210,64,null-source
6,211,37,null-source
6,212,23,null-source
6,213,8,null-source
6,214,5,null-source
6,215,345,null-source
6,216,339,null-source
6,217,338,null-source
6,218,329,null-source
6,219,312,null-source
6,220,282,null-source
6,221,260,null-source
6,222,246,null-source
6,223,216,null-source
6,224,213,null-source
6,225,202,null-source
6,226,185,null-source
6,227,149,null-source
6,228,137,null-source
6,229,103,null-source
6,230,70,null-source
6,231,58,null-source
6,232,39,null-source
6,233,36,null-source
6,234,327,null-source
6,235,314,null-source
6,236,311,null-source
6,237,293,null-source
6,238,280,null-source
6,239,278,null-source
6,240,269,null-source
6,241,266,null-source
6,242,247,null-source
6,243,242,null-source
6,244,233,null-source
6,245,220,null-source
6,246,211,null-source
6,247,165,null-source
6,248,91,null-source
6,249,89,null-source
6,250,84,null-source
6,251,81,null-source
6,252,60,null-source
6,253,57,null-source
6,254,46,null-source
6,255,35,null-source
6,256,34,null-source
6,257,25,null-source
6,258,20,null-source
6,259,14,null-source
6,260,326,null-source
6,261,324,null-source
6,262,319,null-source
6,263,306,null-source
6,264,304,null-source
6,265,288,null-source
6,266,257,null-source
6,267,240,null-source
6,268,224,null-source
6,269,223,null-source
6,270,212,null-source
6,271,204,null-source
6,272,187,null-source
6,273,90,null-source
6,274,78,null-source
6,275,56,null-source
6,276,48,null-source
6,277,16,null-source
6,278,15,null-source
6,279,13,null-source
6,280,12,null-source
6,281,7,null-source
6,282,3,null-source
6,283,334,null-source
6,284,331,null-source
6,285,323,null-source
6,286,310,null-source
6,287,298,null-source
6,288,296,null-source
6,289,287,null-source
6,290,273,null-source
6,291,268,null-source
6,292,251,null-source
6,293,248,null-source
6,294,244,null-source
6,295,241,null-source
6,296,237,null-source
6,297,229,null-source
6,298,222,null-source
6,299,221,null-source
6,300,217,null-source
6,301,210,null-source
6,302,199,null-source
6,303,184,null-source
6,304,160,null-source
6,305,92,null-source
6,306,83,null-source
6,307,79,null-source
6,308,75,null-source
6,309,55,null-source
6,310,52,null-source
6,311,50,null-source
6,312,43,null-source
6,313,42,null-source
6,314,30,null-source
6,315,4,null-source
6,316,356,null-source
6,317,354,null-source
6,318,353,null-source
6,319,352,null-source
6,320,351,null-source
6,321,350,null-source
6,322,349,null-source
6,323,348,null-source
6,324,347,null-source
6,325,344,null-source
6,326,340,null-source
6,327,330,null-source
6,328,328,null-source
6,329,322,null-source
6,330,299,null-source
6,331,297,null-source
6,332,274,null-source
6,333,272,null-source
6,334,265,null-source
6,335,261,null-source
6,336,239,null-source
6,337,231,null-source
6,338,215,null-source
6,339,203,null-source
6,340,196,null-source
6,341,186,null-source
6,342,183,null-source
6,343,182,null-source
6,344,181,null-source
6,345,172,null-source
6,346,101,null-source
6,347,73,null-source
6,348,72,null-source
6,349,69,null-source
6,350,63,null-source
6,351,54,null-source
6,352,51,null-source
6,353,38,null-source
6,354,28,null-source
6,355,27,null-source
6,356,26,null-source
6,357,22,null-source
6,358,18,null-source
6,359,1,null-source
7,1,315,null-source
7,2,341,null-source
7,3,102,null-source
7,4,87,null-source
7,5,132,null-source
7,6,286,null-source
7,7,109,null-source
7,8,128,null-source
7,9,359,null-source
7,10,309,null-source
7,11,300,null-source
7,12,108,null-source
7,13,114,null-source
7,14,318,null-source
7,15,308,null-source
7,16,325,null-source
7,17,345,null-source
7,18,176,null-source
7,19,148,null-source
7,20,120,null-source
7,21,317,null-source
7,22,339,null-source
7,23,110,null-source
7,24,189,null-source
7,25,321,null-source
7,26,91,null-source
7,27,59,null-source
7,28,250,null-source
7,29,155,null-source
7,30,333,null-source
7,31,96,null-source
7,32,82,null-source
7,33,126,null-source
7,34,236,null-source
7,35,68,null-source
7,36,336,null-source
7,37,149,null-source
7,38,123,null-source
7,39,98,null-source
7,40,306,null-source
7,41,177,null-source
7,42,146,null-source
7,43,168,null-source
7,44,121,null-source
7,45,100,null-source
7,46,21,null-source
7,47,185,null-source
7,48,145,null-source
7,49,80,null-source
7,50,334,null-source
7,51,150,null-source
7,52,19,null-source
7,53,235,null-source
7,54,134,null-source
7,55,105,null-source
7,56,104,null-source
7,57,97,null-source
7,58,44,null-source
7,59,29,null-source
7,60,89,null-source
7,61,62,null-source
7,62,337,null-source
7,63,316,null-source
7,64,267,null-source
7,65,131,null-source
7,66,180,null-source
7,67,113,null-source
7,68,357,null-source
7,69,135,null-source
7,70,116,null-source
7,71,106,null-source
7,72,103,null-source
7,73,209,null-source
7,74,153,null-source
7,75,136,null-source
7,76,118,null-source
7,77,74,null-source
7,78,66,null-source
7,79,6,null-source
7,80,342,null-source
7,81,207,null-source
7,82,343,null-source
7,83,331,null-source
7,84,326,null-source
7,85,127,null-source
7,86,81,null-source
7,87,78,null-source
7,88,319,null-source
7,89,314,null-source
7,90,307,null-source
7,91,201,null-source
7,92,139,null-source
7,93,112,null-source
7,94,107,null-source
7,95,41,null-source
7,96,310,null-source
7,97,164,null-source
7,98,161,null-source
7,99,115,null-source
7,100,40,null-source
7,101,358,null-source
7,102,340,null-source
7,103,143,null-source
7,104,344,null-source
7,105,329,null-source
7,106,208,null-source
7,107,125,null-source
7,108,320,null-source
7,109,312,null-source
7,110,294,null-source
7,111,264,null-source
7,112,157,null-source
7,113,53,null-source
7,114,32,null-source
7,115,335,null-source
7,116,332,null-source
7,117,214,null-source
7,118,195,null-source
7,119,162,null-source
7,120,154,null-source
7,121,133,null-source
7,122,119,null-source
7,123,76,null-source
7,124,45,null-source
7,125,313,null-source
7,126,301,null-source
7,127,205,null-source
7,128,179,null-source
7,129,173,null-source
7,130,170,null-source
7,131,165,null-source
7,132,85,null-source
7,133,70,null-source
7,134,163,null-source
7,135,142,null-source
7,136,90,null-source
7,137,88,null-source
7,138,71,null-source
7,139,8,null-source
7,140,356,null-source
7,141,328,null-source
7,142,178,null-source
7,143,169,null-source
7,144,159,null-source
7,145,152,null-source
7,146,72,null-source
7,147,67,null-source
7,148,311,null-source
7,149,305,null-source
7,150,292,null-source
7,151,279,null-source
7,152,200,null-source
7,153,140,null-source
7,154,137,null-source
7,155,95,null-source
7,156,39,null-source
7,157,9,null-source
7,158,324,null-source
7,159,252,null-source
7,160,225,null-source
7,161,198,null-source
7,162,175,null-source
7,163,174,null-source
7,164,117,null-source
7,165,73,null-source
7,166,11,null-source
7,167,2,null-source
7,168,346,null-source
7,169,280,null-source
7,170,227,null-source
7,171,216,null-source
7,172,171,null-source
7,173,166,null-source
7,174,158,null-source
7,175,129,null-source
7,176,124,null-source
7,177,93,null-source
7,178,75,null-source
7,179,48,null-source
7,180,24,null-source
7,181,355,null-source
7,182,327,null-source
7,183,289,null-source
7,184,282,null-source
7,185,275,null-source
7,186,246,null-source
7,187,77,null-source
7,188,330,null-source
7,189,322,null-source
7,190,283,null-source
7,191,271,null-source
7,192,263,null-source
7,193,191,null-source
7,194,151,null-source
7,195,130,null-source
7,196,122,null-source
7,197,79,null-source
7,198,65,null-source
7,199,61,null-source
7,200,56,null-source
7,201,33,null-source
7,202,30,null-source
7,203,26,null-source
7,204,25,null-source
7,205,302,null-source
7,206,296,null-source
7,207,266,null-source
7,208,254,null-source
7,209,230,null-source
7,210,194,null-source
7,211,188,null-source
7,212,181,null-source
7,213,147,null-source
7,214,144,null-source
7,215,141,null-source
7,216,50,null-source
7,217,12,null-source
7,218,351,null-source
7,219,323,null-source
7,220,265,null-source
7,221,251,null-source
7,222,220,null-source
7,223,160,null-source
7,224,101,null-source
7,225,99,null-source
7,226,94,null-source
7,227,52,null-source
7,228,47,null-source
7,229,23,null-source
7,230,14,null-source
7,231,13,null-source
7,232,349,null-source
7,233,293,null-source
7,234,278,null-source
7,235,277,null-source
7,236,273,null-source
7,237,270,null-source
7,238,253,null-source
7,239,212,null-source
7,240,210,null-source
7,241,206,null-source
7,242,202,null-source
7,243,199,null-source
7,244,190,null-source
7,245,182,null-source
7,246,138,null-source
7,247,83,null-source
7,248,64,null-source
7,249,54,null-source
7,250,46,null-source
7,251,37,null-source
7,252,35,null-source
7,253,22,null-source
7,254,347,null-source
7,255,338,null-source
7,256,295,null-source
7,257,291,null-source
7,258,284,null-source
7,259,276,null-source
7,260,260,null-source
7,261,255,null-source
7,262,242,null-source
7,263,240,null-source
7,264,187,null-source
7,265,183,null-source
7,266,156,null-source
7,267,84,null-source
7,268,36,null-source
7,269,34,null-source
7,270,27,null-source
7,271,10,null-source
7,272,5,null-source
7,273,4,null-source
7,274,3,null-source
7,275,352,null-source
7,276,297,null-source
7,277,259,null-source
7,278,258,null-source
7,279,257,null-source
7,280,244,null-source
7,281,238,null-source
7,282,233,null-source
7,283,232,null-source
7,284,231,null-source
7,285,226,null-source
7,286,224,null-source
7,287,219,null-source
7,288,218,null-source
7,289,197,null-source
7,290,196,null-source
7,291,193,null-source
7,292,186,null-source
7,293,172,null-source
7,294,111,null-source
7,295,92,null-source
7,296,60,null-source
7,297,51,null-source
7,298,43,null-source
7,299,31,null-source
7,300,16,null-source
7,301,7,null-source
7,302,304,null-source
7,303,299,null-source
7,304,298,null-source
7,305,290,null-source
7,306,285,null-source
7,307,281,null-source
7,308,274,null-source
7,309,272,null-source
7,310,262,null-source
7,311,261,null-source
7,312,256,null-source
7,313,249,null-source
7,314,248,null-source
7,315,247,null-source
7,316,245,null-source
7,317,237,null-source
7,318,228,null-source
7,319,222,null-source
7,320,221,null-source
7,321,213,null-source
7,322,211,null-source
7,323,192,null-source
7,324,167,null-source
7,325,86,null-source
7,326,69,null-source
7,327,58,null-source
7,328,57,null-source
7,329,55,null-source
7,330,49,null-source
7,331,42,null-source
7,332,38,null-source
7,333,28,null-source
7,334,20,null-source
7,335,18,null-source
7,336,17,null-source
7,337,15,null-source
7,338,354,null-source
7,339,353,null-source
7,340,350,null-source
7,341,348,null-source
7,342,303,null-source
7,343,288,null-source
7,344,287,null-source
7,345,269,null-source
7,346,268,null-source
7,347,243,null-source
7,348,241,null-source
7,349,239,null-source
7,350,234,null-source
7,351,229,null-source
7,352,223,null-source
7,353,217,null-source
7,354,215,null-source
7,355,204,null-source
7,356,203,null-source
7,357,184,null-source
7,358,63,null-source
7,359,1,null-source
8,1,300,null-source
8,2,250,null-source
8,3,305,null-source
8,4,118,null-source
8,5,264,null-source
8,6,235,null-source
8,7,230,null-source
8,8,205,null-source
8,9,189,null-source
8,10,209,null-source
8,11,201,null-source
8,12,157,null-source
8,13,132,null-source
8,14,146,null-source
8,15,227,null-source
8,16,123,null-source
8,17,154,null-source
8,18,115,null-source
8,19,236,null-source
8,20,110,null-source
8,21,226,null-source
8,22,289,null-source
8,23,142,null-source
8,24,304,null-source
8,25,147,null-source
8,26,258,null-source
8,27,140,null-source
8,28,252,null-source
8,29,301,null-source
8,30,191,null-source
8,31,155,null-source
8,32,150,null-source
8,33,59,null-source
8,34,207,null-source
8,35,292,null-source
8,36,291,null-source
8,37,131,null-source
8,38,105,null-source
8,39,286,null-source
8,40,253,null-source
8,41,249,null-source
8,42,87,null-source
8,43,139,null-source
8,44,85,null-source
8,45,302,null-source
8,46,141,null-source
8,47,318,null-source
8,48,194,null-source
8,49,245,null-source
8,50,321,null-source
8,51,165,null-source
8,52,126,null-source
8,53,120,null-source
8,54,341,null-source
8,55,246,null-source
8,56,176,null-source
8,57,80,null-source
8,58,262,null-source
8,59,167,null-source
8,60,267,null-source
8,61,228,null-source
8,62,219,null-source
8,63,164,null-source
8,64,113,null-source
8,65,71,null-source
8,66,283,null-source
8,67,151,null-source
8,68,333,null-source
8,69,294,null-source
8,70,293,null-source
8,71,247,null-source
8,72,174,null-source
8,73,130,null-source
8,74,128,null-source
8,75,98,null-source
8,76,290,null-source
8,77,197,null-source
8,78,148,null-source
8,79,138,null-source
8,80,125,null-source
8,81,114,null-source
8,82,68,null-source
8,83,280,null-source
8,84,177,null-source
8,85,171,null-source
8,86,299,null-source
8,87,159,null-source
8,88,99,null-source
8,89,166,null-source
8,90,163,null-source
8,91,134,null-source
8,92,127,null-source
8,93,295,null-source
8,94,243,null-source
8,95,190,null-source
8,96,153,null-source
8,97,284,null-source
8,98,144,null-source
8,99,359,null-source
8,100,213,null-source
8,101,212,null-source
8,102,122,null-source
8,103,121,null-source
8,104,95,null-source
8,105,282,null-source
8,106,156,null-source
8,107,109,null-source
8,108,9,null-source
8,109,336,null-source
8,110,274,null-source
8,111,263,null-source
8,112,199,null-source
8,113,170,null-source
8,114,168,null-source
8,115,137,null-source
8,116,97,null-source
8,117,325,null-source
8,118,229,null-source
8,119,225,null-source
8,120,220,null-source
8,121,208,null-source
8,122,178,null-source
8,123,254,null-source
8,124,200,null-source
8,125,185,null-source
8,126,77,null-source
8,127,287,null-source
8,128,271,null-source
8,129,198,null-source
8,130,101,null-source
8,131,317,null-source
8,132,278,null-source
8,133,257,null-source
8,134,242,null-source
8,135,188,null-source
8,136,162,null-source
8,137,124,null-source
8,138,116,null-source
8,139,96,null-source
8,140,45,null-source
8,141,277,null-source
8,142,273,null-source
8,143,239,null-source
8,144,214,null-source
8,145,53,null-source
8,146,316,null-source
8,147,270,null-source
8,148,173,null-source
8,149,143,null-source
8,150,133,null-source
8,151,31,null-source
8,152,276,null-source
8,153,266,null-source
8,154,265,null-source
8,155,255,null-source
8,156,216,null-source
8,157,152,null-source
8,158,136,null-source
8,159,76,null-source
8,160,41,null-source
8,161,2,null-source
8,162,329,null-source
8,163,275,null-source
8,164,256,null-source
8,165,238,null-source
8,166,187,null-source
8,167,182,null-source
8,168,161,null-source
8,169,145,null-source
8,170,129,null-source
8,171,112,null-source
8,172,21,null-source
8,173,326,null-source
8,174,309,null-source
8,175,297,null-source
8,176,279,null-source
8,177,248,null-source
8,178,184,null-source
8,179,158,null-source
8,180,102,null-source
8,181,78,null-source
8,182,70,null-source
8,183,67,null-source
8,184,6,null-source
8,185,296,null-source
8,186,285,null-source
8,187,272,null-source
8,188,268,null-source
8,189,221,null-source
8,190,215,null-source
8,191,204,null-source
8,192,181,null-source
8,193,179,null-source
8,194,119,null-source
8,195,46,null-source
8,196,44,null-source
8,197,10,null-source
8,198,358,null-source
8,199,345,null-source
8,200,342,null-source
8,201,320,null-source
8,202,308,null-source
8,203,260,null-source
8,204,259,null-source
8,205,217,null-source
8,206,206,null-source
8,207,202,null-source
8,208,111,null-source
8,209,93,null-source
8,210,65,null-source
8,211,62,null-source
8,212,58,null-source
8,213,337,null-source
8,214,314,null-source
8,215,269,null-source
8,216,261,null-source
8,217,232,null-source
8,218,231,null-source
8,219,224,null-source
8,220,196,null-source
8,221,192,null-source
8,222,180,null-source
8,223,175,null-source
8,224,172,null-source
8,225,149,null-source
8,226,74,null-source
8,227,47,null-source
8,228,12,null-source
8,229,315,null-source
8,230,307,null-source
8,231,288,null-source
8,232,244,null-source
8,233,240,null-source
8,234,237,null-source
8,235,234,null-source
8,236,223,null-source
8,237,203,null-source
8,238,195,null-source
8,239,183,null-source
8,240,108,null-source
8,241,104,null-source
8,242,91,null-source
8,243,89,null-source
8,244,56,null-source
8,245,49,null-source
8,246,33,null-source
8,247,29,null-source
8,248,23,null-source
8,249,13,null-source
8,250,349,null-source
8,251,346,null-source
8,252,338,null-source
8,253,306,null-source
8,254,303,null-source
8,255,251,null-source
8,256,241,null-source
8,257,233,null-source
8,258,218,null-source
8,259,193,null-source
8,260,106,null-source
8,261,103,null-source
8,262,88,null-source
8,263,64,null-source
8,264,48,null-source
8,265,40,null-source
8,266,19,null-source
8,267,17,null-source
8,268,3,null-source
8,269,357,null-source
8,270,343,null-source
8,271,335,null-source
8,272,332,null-source
8,273,330,null-source
8,274,312,null-source
8,275,311,null-source
8,276,310,null-source
8,277,298,null-source
8,278,281,null-source
8,279,211,null-source
8,280,135,null-source
8,281,100,null-source
8,282,94,null-source
8,283,92,null-source
8,284,81,null-source
8,285,61,null-source
8,286,54,null-source
8,287,34,null-source
8,288,16,null-source
8,289,14,null-source
8,290,8,null-source
8,291,355,null-source
8,292,344,null-source
8,293,340,null-source
8,294,331,null-source
8,295,323,null-source
8,296,222,null-source
8,297,186,null-source
8,298,169,null-source
8,299,107,null-source
8,300,86,null-source
8,301,63,null-source
8,302,55,null-source
8,303,51,null-source
8,304,26,null-source
8,305,24,null-source
8,306,20,null-source
8,307,18,null-source
8,308,7,null-source
8,309,5,null-source
8,310,354,null-source
8,311,348,null-source
8,312,334,null-source
8,313,324,null-source
8,314,322,null-source
8,315,313,null-source
8,316,160,null-source
8,317,117,null-source
8,318,90,null-source
8,319,84,null-source
8,320,83,null-source
8,321,82,null-source
8,322,79,null-source
8,323,73,null-source
8,324,66,null-source
8,325,60,null-source
8,326,52,null-source
8,327,50,null-source
8,328,43,null-source
8,329,39,null-source
8,330,38,null-source
8,331,36,null-source
8,332,35,null-source
8,333,32,null-source
8,334,28,null-source
8,335,25,null-source
8,336,15,null-source
8,337,11,null-source
8,338,356,null-source
8,339,353,null-source
8,340,352,null-source
8,341,351,null-source
8,342,350,null-source
8,343,347,null-source
8,344,339,null-source
8,345,328,null-source
8,346,327,null-source
8,347,319,null-source
8,348,210,null-source
8,349,75,null-source
8,350,72,null-source
8,351,69,null-source
8,352,57,null-source
8,353,42,null-source
8,354,37,null-source
8,355,30,null-source
8,356,27,null-source
8,357,22,null-source
8,358,4,null-source
8,359,1,null-source
9,1,123,null-source
9,2,155,null-source
9,3,157,null-source
9,4,154,null-source
9,5,146,null-source
9,6,127,null-source
9,7,205,null-source
9,8,142,null-source
9,9,250,null-source
9,10,140,null-source
9,11,132,null-source
9,12,300,null-source
9,13,110,null-source
9,14,118,null-source
9,15,235,null-source
9,16,114,null-source
9,17,189,null-source
9,18,150,null-source
9,19,170,null-source
9,20,120,null-source
9,21,227,null-source
9,22,139,null-source
9,23,236,null-source
9,24,264,null-source
9,25,153,null-source
9,26,85,null-source
9,27,124,null-source
9,28,68,null-source
9,29,19,null-source
9,30,134,null-source
9,31,305,null-source
9,32,219,null-source
9,33,115,null-source
9,34,179,null-source
9,35,207,null-source
9,36,177,null-source
9,37,109,null-source
9,38,333,null-source
9,39,304,null-source
9,40,98,null-source
9,41,357,null-source
9,42,291,null-source
9,43,230,null-source
9,44,292,null-source
9,45,318,null-source
9,46,80,null-source
9,47,201,null-source
9,48,180,null-source
9,49,254,null-source
9,50,209,null-source
9,51,147,null-source
9,52,87,null-source
9,53,301,null-source
9,54,174,null-source
9,55,95,null-source
9,56,321,null-source
9,57,286,null-source
9,58,194,null-source
9,59,151,null-source
9,60,246,null-source
9,61,164,null-source
9,62,135,null-source
9,63,220,null-source
9,64,289,null-source
9,65,302,null-source
9,66,358,null-source
9,67,252,null-source
9,68,178,null-source
9,69,128,null-source
9,70,258,null-source
9,71,32,null-source
9,72,166,null-source
9,73,138,null-source
9,74,249,null-source
9,75,130,null-source
9,76,338,null-source
9,77,282,null-source
9,78,144,null-source
9,79,161,null-source
9,80,45,null-source
9,81,2,null-source
9,82,14,null-source
9,83,96,null-source
9,84,341,null-source
9,85,131,null-source
9,86,125,null-source
9,87,67,null-source
9,88,126,null-source
9,89,116,null-source
9,90,6,null-source
9,91,359,null-source
9,92,309,null-source
9,93,165,null-source
9,94,9,null-source
9,95,193,null-source
9,96,171,null-source
9,97,119,null-source
9,98,105,null-source
9,99,59,null-source
9,100,41,null-source
9,101,308,null-source
9,102,226,null-source
9,103,106,null-source
9,104,262,null-source
9,105,173,null-source
9,106,148,null-source
9,107,133,null-source
9,108,143,null-source
9,109,336,null-source
9,110,242,null-source
9,111,191,null-source
9,112,176,null-source
9,113,290,null-source
9,114,267,null-source
9,115,206,null-source
9,116,200,null-source
9,117,156,null-source
9,118,326,null-source
9,119,317,null-source
9,120,253,null-source
9,121,216,null-source
9,122,136,null-source
9,123,88,null-source
9,124,64,null-source
9,125,53,null-source
9,126,137,null-source
9,127,108,null-source
9,128,307,null-source
9,129,247,null-source
9,130,167,null-source
9,131,163,null-source
9,132,121,null-source
9,133,65,null-source
9,134,47,null-source
9,135,10,null-source
9,136,345,null-source
9,137,225,null-source
9,138,100,null-source
9,139,316,null-source
9,140,222,null-source
9,141,198,null-source
9,142,168,null-source
9,143,113,null-source
9,144,315,null-source
9,145,294,null-source
9,146,278,null-source
9,147,214,null-source
9,148,208,null-source
9,149,195,null-source
9,150,159,null-source
9,151,104,null-source
9,152,70,null-source
9,153,7,null-source
9,154,337,null-source
9,155,329,null-source
9,156,311,null-source
9,157,263,null-source
9,158,243,null-source
9,159,190,null-source
9,160,152,null-source
9,161,84,null-source
9,162,74,null-source
9,163,44,null-source
9,164,34,null-source
9,165,12,null-source
9,166,312,null-source
9,167,299,null-source
9,168,185,null-source
9,169,145,null-source
9,170,73,null-source
9,171,56,null-source
9,172,48,null-source
9,173,355,null-source
9,174,277,null-source
9,175,141,null-source
9,176,117,null-source
9,177,62,null-source
9,178,15,null-source
9,179,13,null-source
9,180,346,null-source
9,181,306,null-source
9,182,241,null-source
9,183,210,null-source
9,184,202,null-source
9,185,183,null-source
9,186,122,null-source
9,187,97,null-source
9,188,75,null-source
9,189,72,null-source
9,190,28,null-source
9,191,27,null-source
9,192,23,null-source
9,193,17,null-source
9,194,332,null-source
9,195,314,null-source
9,196,285,null-source
9,197,270,null-source
9,198,245,null-source
9,199,228,null-source
9,200,212,null-source
9,201,83,null-source
9,202,82,null-source
9,203,78,null-source
9,204,29,null-source
9,205,21,null-source
9,206,16,null-source
9,207,11,null-source
9,208,339,null-source
9,209,331,null-source
9,210,325,null-source
9,211,313,null-source
9,212,310,null-source
9,213,297,null-source
9,214,275,null-source
9,215,271,null-source
9,216,229,null-source
9,217,149,null-source
9,218,107,null-source
9,219,49,null-source
9,220,46,null-source
9,221,31,null-source
9,222,8,null-source
9,223,335,null-source
9,224,323,null-source
9,225,280,null-source
9,226,279,null-source
9,227,240,null-source
9,228,197,null-source
9,229,188,null-source
9,230,175,null-source
9,231,158,null-source
9,232,99,null-source
9,233,71,null-source
9,234,24,null-source
9,235,20,null-source
9,236,5,null-source
9,237,320,null-source
9,238,293,null-source
9,239,283,null-source
9,240,276,null-source
9,241,265,null-source
9,242,257,null-source
9,243,213,null-source
9,244,184,null-source
9,245,103,null-source
9,246,101,null-source
9,247,94,null-source
9,248,79,null-source
9,249,63,null-source
9,250,61,null-source
9,251,58,null-source
9,252,40,null-source
9,253,33,null-source
9,254,26,null-source
9,255,324,null-source
9,256,296,null-source
9,257,295,null-source
9,258,284,null-source
9,259,281,null-source
9,260,273,null-source
9,261,272,null-source
9,262,269,null-source
9,263,268,null-source
9,264,259,null-source
9,265,256,null-source
9,266,255,null-source
9,267,251,null-source
9,268,218,null-source
9,269,172,null-source
9,270,169,null-source
9,271,112,null-source
9,272,111,null-source
9,273,102,null-source
9,274,76,null-source
9,275,66,null-source
9,276,52,null-source
9,277,51,null-source
9,278,50,null-source
9,279,43,null-source
9,280,25,null-source
9,281,3,null-source
9,282,343,null-source
9,283,319,null-source
9,284,288,null-source
9,285,287,null-source
9,286,266,null-source
9,287,261,null-source
9,288,260,null-source
9,289,248,null-source
9,290,237,null-source
9,291,224,null-source
9,292,223,null-source
9,293,217,null-source
9,294,203,null-source
9,295,187,null-source
9,296,182,null-source
9,297,160,null-source
9,298,129,null-source
9,299,93,null-source
9,300,92,null-source
9,301,89,null-source
9,302,81,null-source
9,303,77,null-source
9,304,57,null-source
9,305,37,null-source
9,306,36,null-source
9,307,35,null-source
9,308,30,null-source
9,309,18,null-source
9,310,1,null-source
9,311,351,null-source
9,312,350,null-source
9,313,349,null-source
9,314,344,null-source
9,315,342,null-source
9,316,330,null-source
9,317,274,null-source
9,318,244,null-source
9,319,239,null-source
9,320,238,null-source
9,321,233,null-source
9,322,232,null-source
9,323,211,null-source
9,324,204,null-source
9,325,199,null-source
9,326,196,null-source
9,327,181,null-source
9,328,162,null-source
9,329,91,null-source
9,330,90,null-source
9,331,86,null-source
9,332,42,null-source
9,333,39,null-source
9,334,356,null-source
9,335,354,null-source
9,336,353,null-source
9,337,352,null-source
9,338,348,null-source
9,339,347,null-source
9,340,340,null-source
9,341,334,null-source
9,342,328,null-source
9,343,327,null-source
9,344,322,null-source
9,345,303,null-source
9,346,298,null-source
9,347,234,null-source
9,348,231,null-source
9,349,221,null-source
9,350,215,null-source
9,351,192,null-source
9,352,186,null-source
9,353,69,null-source
9,354,60,null-source
9,355,55,null-source
9,356,54,null-source
9,357,38,null-source
9,358,22,null-source
9,359,4,null-source
10,1,109,null-source
10,2,102,null-source
10,3,128,null-source
10,4,131,null-source
10,5,107,null-source
10,6,300,null-source
10,7,126,null-source
10,8,101,null-source
10,9,59,null-source
10,10,341,null-source
10,11,176,null-source
10,12,336,null-source
10,13,168,null-source
10,14,108,null-source
10,15,113,null-source
10,16,125,null-source
10,17,159,null-source
10,18,105,null-source
10,19,141,null-source
10,20,177,null-source
10,21,110,null-source
10,22,132,null-source
10,23,309,null-source
10,24,209,null-source
10,25,148,null-source
10,26,250,null-source
10,27,100,null-source
10,28,154,null-source
10,29,149,null-source
10,30,116,null-source
10,31,325,null-source
10,32,145,null-source
10,33,333,null-source
10,34,121,null-source
10,35,97,null-source
10,36,207,null-source
10,37,112,null-source
10,38,317,null-source
10,39,205,null-source
10,40,104,null-source
10,41,127,null-source
10,42,96,null-source
10,43,166,null-source
10,44,106,null-source
10,45,286,null-source
10,46,62,null-source
10,47,315,null-source
10,48,98,null-source
10,49,66,null-source
10,50,308,null-source
10,51,201,null-source
10,52,191,null-source
10,53,41,null-source
10,54,321,null-source
10,55,118,null-source
10,56,339,null-source
10,57,332,null-source
10,58,77,null-source
10,59,258,null-source
10,60,227,null-source
10,61,189,null-source
10,62,44,null-source
10,63,236,null-source
10,64,173,null-source
10,65,162,null-source
10,66,53,null-source
10,67,169,null-source
10,68,146,null-source
10,69,80,null-source
10,70,161,null-source
10,71,103,null-source
10,72,91,null-source
10,73,307,null-source
10,74,133,null-source
10,75,21,null-source
10,76,198,null-source
10,77,120,null-source
10,78,137,null-source
10,79,99,null-source
10,80,345,null-source
10,81,294,null-source
10,82,157,null-source
10,83,82,null-source
10,84,155,null-source
10,85,32,null-source
10,86,318,null-source
10,87,264,null-source
10,88,45,null-source
10,89,305,null-source
10,90,337,null-source
10,91,267,null-source
10,92,174,null-source
10,93,158,null-source
10,94,40,null-source
10,95,326,null-source
10,96,87,null-source
10,97,85,null-source
10,98,78,null-source
10,99,340,null-source
10,100,178,null-source
10,101,170,null-source
10,102,147,null-source
10,103,123,null-source
10,104,81,null-source
10,105,39,null-source
10,106,320,null-source
10,107,263,null-source
10,108,187,null-source
10,109,185,null-source
10,110,124,null-source
10,111,95,null-source
10,112,265,null-source
10,113,253,null-source
10,114,235,null-source
10,115,220,null-source
10,116,194,null-source
10,117,152,null-source
10,118,150,null-source
10,119,136,null-source
10,120,245,null-source
10,121,188,null-source
10,122,153,null-source
10,123,134,null-source
10,124,130,null-source
10,125,117,null-source
10,126,115,null-source
10,127,65,null-source
10,128,19,null-source
10,129,358,null-source
10,130,343,null-source
10,131,319,null-source
10,132,289,null-source
10,133,259,null-source
10,134,143,null-source
10,135,114,null-source
10,136,111,null-source
10,137,6,null-source
10,138,357,null-source
10,139,302,null-source
10,140,282,null-source
10,141,254,null-source
10,142,251,null-source
10,143,195,null-source
10,144,180,null-source
10,145,163,null-source
10,146,151,null-source
10,147,122,null-source
10,148,68,null-source
10,149,67,null-source
10,150,335,null-source
10,151,334,null-source
10,152,328,null-source
10,153,316,null-source
10,154,279,null-source
10,155,230,null-source
10,156,175,null-source
10,157,165,null-source
10,158,160,null-source
10,159,70,null-source
10,160,29,null-source
10,161,11,null-source
10,162,356,null-source
10,163,342,null-source
10,164,331,null-source
10,165,271,null-source
10,166,243,null-source
10,167,225,null-source
10,168,219,null-source
10,169,171,null-source
10,170,164,null-source
10,171,142,null-source
10,172,119,null-source
10,173,61,null-source
10,174,9,null-source
10,175,293,null-source
10,176,292,null-source
10,177,239,null-source
10,178,190,null-source
10,179,93,null-source
10,180,56,null-source
10,181,26,null-source
10,182,24,null-source
10,183,4,null-source
10,184,301,null-source
10,185,283,null-source
10,186,249,null-source
10,187,213,null-source
10,188,210,null-source
10,189,208,null-source
10,190,139,null-source
10,191,79,null-source
10,192,55,null-source
10,193,47,null-source
10,194,38,null-source
10,195,37,null-source
10,196,18,null-source
10,197,8,null-source
10,198,2,null-source
10,199,359,null-source
10,200,338,null-source
10,201,330,null-source
10,202,323,null-source
10,203,311,null-source
10,204,306,null-source
10,205,304,null-source
10,206,299,null-source
10,207,295,null-source
10,208,275,null-source
10,209,257,null-source
10,210,238,null-source
10,211,202,null-source
10,212,200,null-source
10,213,144,null-source
10,214,89,null-source
10,215,71,null-source
10,216,64,null-source
10,217,49,null-source
10,218,42,null-source
10,219,12,null-source
10,220,10,null-source
10,221,355,null-source
10,222,346,null-source
10,223,322,null-source
10,224,313,null-source
10,225,312,null-source
10,226,290,null-source
10,227,277,null-source
10,228,273,null-source
10,229,266,null-source
10,230,252,null-source
10,231,242,null-source
10,232,223,null-source
10,233,215,null-source
10,234,129,null-source
10,235,74,null-source
10,236,48,null-source
10,237,46,null-source
10,238,22,null-source
10,239,344,null-source
10,240,327,null-source
10,241,298,null-source
10,242,291,null-source
10,243,280,null-source
10,244,278,null-source
10,245,276,null-source
10,246,272,null-source
10,247,270,null-source
10,248,269,null-source
10,249,226,null-source
10,250,224,null-source
10,251,222,null-source
10,252,214,null-source
10,253,212,null-source
10,254,211,null-source
10,255,206,null-source
10,256,203,null-source
10,257,197,null-source
10,258,196,null-source
10,259,186,null-source
10,260,183,null-source
10,261,179,null-source
10,262,167,null-source
10,263,156,null-source
10,264,138,null-source
10,265,88,null-source
10,266,84,null-source
10,267,83,null-source
10,268,75,null-source
10,269,60,null-source
10,270,58,null-source
10,271,43,null-source
10,272,13,null-source
10,273,5,null-source
10,274,3,null-source
10,275,329,null-source
10,276,324,null-source
10,277,314,null-source
10,278,297,null-source
10,279,288,null-source
10,280,285,null-source
10,281,284,null-source
10,282,268,null-source
10,283,262,null-source
10,284,260,null-source
10,285,247,null-source
10,286,246,null-source
10,287,244,null-source
10,288,240,null-source
10,289,237,null-source
10,290,233,null-source
10,291,229,null-source
10,292,221,null-source
10,293,199,null-source
10,294,192,null-source
10,295,172,null-source
10,296,140,null-source
10,297,90,null-source
10,298,86,null-source
10,299,51,null-source
10,300,50,null-source
10,301,36,null-source
10,302,31,null-source
10,303,30,null-source
10,304,25,null-source
10,305,20,null-source
10,306,17,null-source
10,307,15,null-source
10,308,14,null-source
10,309,354,null-source
10,310,347,null-source
10,311,310,null-source
10,312,303,null-source
10,313,296,null-source
10,314,274,null-source
10,315,256,null-source
10,316,255,null-source
10,317,248,null-source
10,318,241,null-source
10,319,232,null-source
10,320,231,null-source
10,321,228,null-source
10,322,216,null-source
10,323,193,null-source
10,324,94,null-source
10,325,92,null-source
10,326,72,null-source
10,327,63,null-source
10,328,57,null-source
10,329,54,null-source
10,330,52,null-source
10,331,35,null-source
10,332,23,null-source
10,333,16,null-source
10,334,1,null-source
10,335,353,null-source
10,336,352,null-source
10,337,351,null-source
10,338,350,null-source
10,339,349,null-source
10,340,348,null-source
10,341,287,null-source
10,342,281,null-source
10,343,261,null-source
10,344,234,null-source
10,345,218,null-source
10,346,217,null-source
10,347,204,null-source
10,348,184,null-source
10,349,182,null-source
10,350,181,null-source
10,351,135,null-source
10,352,76,null-source
10,353,73,null-source
10,354,69,null-source
10,355,34,null-source
10,356,33,null-source
10,357,28,null-source
10,358,27,null-source
10,359,7,null-source
